,Название,Компания,Город,Зарплата,Дата публикации,Ссылка
0,Системный администратор,Alem.ai Foundation,Астана,Не указана,2025-10-30T10:06:11+0300,https://hh.ru/vacancy/127133207
1,QA / Тестировщик мобильных игр,ДжастМоби,Тольятти,Не указана,2025-10-30T15:09:17+0300,https://hh.ru/vacancy/127151542
2,Личный ассистент,ВАЙБ ГЕЙМС,Казань,100000 - None RUR,2025-10-28T16:43:33+0300,https://hh.ru/vacancy/127075346
3,QA Engineer,Криптон Студио,Томск,Не указана,2025-10-29T13:14:34+0300,https://hh.ru/vacancy/127104077
4,Middle QA Specialist,Пресс Фире Гамес,Минск,Не указана,2025-10-28T11:32:15+0300,https://hh.ru/vacancy/127050708
5,Руководитель группы юристов/Legal Teamlead,AYA GAMES,Москва,300000 - None RUR,2025-10-30T14:32:44+0300,https://hh.ru/vacancy/127149327
6,Data Engineer (GameDev),Студия Кефир,Москва,Не указана,2025-10-31T15:53:18+0300,https://hh.ru/vacancy/127188133
7,Frontend-разработчик (Разработка игр),Студия Перцы,Ярославль,50000 - None RUR,2025-10-29T12:03:09+0300,https://hh.ru/vacancy/127099947
8,UX/UI-дизайнер,1С Гейм Студиос,Москва,Не указана,2025-10-06T10:46:53+0300,https://hh.ru/vacancy/126169790
9,Руководитель направления маркетинга,President Service Consult,Москва,250000 - 350000 RUR,2025-10-28T17:57:16+0300,https://hh.ru/vacancy/127078896
10,Младший менеджер проекта (геймдев),Targem Games,Екатеринбург,Не указана,2025-10-30T13:11:04+0300,https://hh.ru/vacancy/127143974
11,Специалист по видеомонтажу,Геймдев Клуб,Москва,45000 - None RUR,2025-10-28T17:44:14+0300,https://hh.ru/vacancy/127078426
12,QA Engineer,SOFTINTERMOB HK,Санкт-Петербург,50000 - 80000 RUR,2025-10-27T12:31:02+0300,https://hh.ru/vacancy/126983472
13,HR Manager/Senior Recruiter,Home Digital School,Москва,120000 - None RUR,2025-10-31T17:16:17+0300,https://hh.ru/vacancy/127077266
14,3D Vehicle Artist,HOLYPOLY,Санкт-Петербург,1000 - 2000 USD,2025-10-30T22:25:23+0300,https://hh.ru/vacancy/127161434
15,2D-художник в студию разработки игр,Rumata Games,Москва,Не указана,2025-10-23T23:33:51+0300,https://hh.ru/vacancy/126890877
16,QA Engineer,SOFTINTERMOB HK,Краснодар,50000 - 80000 RUR,2025-10-27T12:31:02+0300,https://hh.ru/vacancy/126983473
17,3D художник по стилизованному окружению (Environment Artist),N-hance,Москва,800 - 1200 USD,2025-10-28T19:03:01+0300,https://hh.ru/vacancy/127080605
18,"Главный бухгалтер (IT, gamedev)",1С Гейм Студиос,Москва,Не указана,2025-10-31T17:23:08+0300,https://hh.ru/vacancy/127191843
19,Финансовый аналитик IT,AYA GAMES,Москва,Не указана,2025-10-31T14:25:29+0300,https://hh.ru/vacancy/127183823
20,Тестировщик мобильных игр,Центр Локализации Кириллица,Москва,None - 250 RUR,2025-10-15T16:13:12+0300,https://hh.ru/vacancy/126575134
21,2D художник по иллюстрациям (Gamedev),SunStrike Studios,Москва,Не указана,2025-10-30T15:59:26+0300,https://hh.ru/vacancy/127010742
22,3D визуализатор/3D artist (Архитектурная визуализация),МэджикБокс,Минск,500 - 1200 USD,2025-10-29T15:47:13+0300,https://hh.ru/vacancy/127113853
23,Unity-разработчик,ROOMGRAM,Санкт-Петербург,Не указана,2025-10-29T09:13:49+0300,https://hh.ru/vacancy/127089379
24,Специалист службы поддержки (gamedev),ЮГО,Санкт-Петербург,Не указана,2025-10-30T18:06:39+0300,https://hh.ru/vacancy/126925393
25,AI Engineer,SOFTINTERMOB HK,Санкт-Петербург,90000 - 130000 RUR,2025-10-27T12:32:25+0300,https://hh.ru/vacancy/126983675
26,Unity Developer,Alawar,Москва,Не указана,2025-10-27T14:40:11+0300,https://hh.ru/vacancy/127000415
27,Roblox 3d Artist,Аспидов Марк Дмитриевич,Санкт-Петербург,35000 - 70000 RUR,2025-10-29T13:41:24+0300,https://hh.ru/vacancy/127105512
28,Junior Game Developer (iGaming),Siberteam,Томск,None - 60000 RUR,2025-10-29T10:21:36+0300,https://hh.ru/vacancy/127093554
29,Software Testing Engineer,Валун Софт,Минск,Не указана,2025-10-29T11:47:25+0300,https://hh.ru/vacancy/127098977
30,Support Specialist / Специалист поддержки,SpaceHub,Иваново (Ивановская область),65000 - None RUR,2025-10-24T13:04:27+0300,https://hh.ru/vacancy/126911780
31,Гейм-менеджер (Gamedev),ВАЙБ ГЕЙМС,Москва,Не указана,2025-10-14T11:39:28+0300,https://hh.ru/vacancy/126510555
32,Quality Assurance,ДРИМВИАР,Тверь,Не указана,2025-10-20T11:42:37+0300,https://hh.ru/vacancy/126721629
33,Помощник/ассистент руководителя,Асадова Алина,Москва,70000 - 115000 RUR,2025-10-24T13:42:39+0300,https://hh.ru/vacancy/126913702
34,Менеджер по локализации (gamedev),FunFlow (ООО Мобильные Игровые Решения),Москва,70000 - 100000 RUR,2025-10-22T12:58:34+0300,https://hh.ru/vacancy/126820270
35,С# разработчик / С# developer,SOFTINTERMOB HK,Тбилиси,2500 - 3500 USD,2025-10-08T10:28:31+0300,https://hh.ru/vacancy/126293131
36,Treasury Specialist (банковские операции),Геймдев компания,Кипр,Не указана,2025-10-28T12:44:37+0300,https://hh.ru/vacancy/127055622
37,Программист игрового мира,1С Гейм Студиос,Москва,Не указана,2025-10-24T11:51:11+0300,https://hh.ru/vacancy/126907714
38,Support manager (gamedev) / Специалист технический поддержки,Gachi Games,Санкт-Петербург,Не указана,2025-10-22T14:54:08+0300,https://hh.ru/vacancy/126826794
39,Программист С++ (игровой движок),Saber Interactive,Санкт-Петербург,Не указана,2025-10-31T13:52:08+0300,https://hh.ru/vacancy/127182083
40,Unity Middle / Senior разработчик,Manerai.LLC,Москва,Не указана,2025-10-17T00:33:45+0300,https://hh.ru/vacancy/126630570
41,Художник 3D (Hard Surface),Зет-Софтвер Рус,Нижний Новгород,Не указана,2025-10-27T16:11:54+0300,https://hh.ru/vacancy/127012638
42,Фронтенд-разработчик,Ритейл-Процессинг,Москва,150000 - 300000 RUR,2025-10-29T17:07:31+0300,https://hh.ru/vacancy/126428820
43,Unity-разработчик,SOFTINTERMOB HK,Москва,160000 - 210000 RUR,2025-10-27T12:51:57+0300,https://hh.ru/vacancy/126986110
44,Тестировщик,ICL Soft,Казань,Не указана,2025-10-06T09:25:29+0300,https://hh.ru/vacancy/123975481
45,Junior/Middle 2D Artist (full remote),Matryoshka,Москва,70000 - 175000 RUR,2025-10-20T16:56:38+0300,https://hh.ru/vacancy/126744033
46,Junior Game Designer,Top App Games,Кипр,Не указана,2025-10-31T09:55:49+0300,https://hh.ru/vacancy/127170115
47,Frontend-разработчик React,Pride Games Studio,Санкт-Петербург,Не указана,2025-10-09T12:02:26+0300,https://hh.ru/vacancy/126354006
48,Junior + Проджект-менеджер / project manager / продюсер в метавселенной,Мафф Медиа,Нижний Новгород,50000 - 80000 RUR,2025-10-30T16:20:27+0300,https://hh.ru/vacancy/127155223
49,Юрист по договорной работе,Мир Хобби,Москва,Не указана,2025-10-29T16:04:57+0300,https://hh.ru/vacancy/127114829
50,"Junior QA engineer (Gamedev, MMORPG)",АЙГРИНД,Калининград,Не указана,2025-10-31T10:50:46+0300,https://hh.ru/vacancy/124928364
51,Junior Game Designer,Игровая Реклама,Минск,400 - 500 USD,2025-10-22T19:26:08+0300,https://hh.ru/vacancy/126837652
52,Junior QA engineer (GameDev),Смарт Геймс Девелопмент,Иваново (Ивановская область),Не указана,2025-10-24T10:58:34+0300,https://hh.ru/vacancy/126904734
53,2D Аниматор (Junior),FunFlow (ООО Мобильные Игровые Решения),Москва,None - 120000 RUR,2025-10-28T17:27:08+0300,https://hh.ru/vacancy/127077742
54,"Full-stack Developer (React, Node.js)",Логиклайк,Минск,Не указана,2025-10-30T11:52:59+0300,https://hh.ru/vacancy/127139730
55,Learning Coach в TUMO Center,Alem.ai Foundation,Астана,Не указана,2025-10-30T08:48:49+0300,https://hh.ru/vacancy/127128632
56,Маркетолог в геймдев,Кочергин Максим Сергеевич,Екатеринбург,72000 - None RUR,2025-10-20T13:26:27+0300,https://hh.ru/vacancy/126729353
57,Associate Producer,Saber Interactive,Санкт-Петербург,Не указана,2025-10-31T10:27:22+0300,https://hh.ru/vacancy/126924822
58,Младший юрист / Юрист (IP / IT),Пиксель Шквал,Санкт-Петербург,Не указана,2025-10-27T19:18:34+0300,https://hh.ru/vacancy/127028341
59,Менеджер по персоналу (Gamedev),GameState,Санкт-Петербург,Не указана,2025-10-09T13:20:25+0300,https://hh.ru/vacancy/126358797
60,Личный ассистент Руководителя продуктовой команды,Appidea LLC,Тбилиси,2000 - 4000 GEL,2025-10-08T14:37:48+0300,https://hh.ru/vacancy/125045142
61,Middle-/Middle Unity-разработчик (Mid-core онлайн игра),Кузнецов Роман Александрович,Москва,Не указана,2025-10-30T15:01:01+0300,https://hh.ru/vacancy/127151165
62,Программист C/C++ (junior/middle),"СиСофт, (CSoft)",Москва,Не указана,2025-10-29T17:36:40+0300,https://hh.ru/vacancy/126887870
63,Программист игровой логики (Gameplay programmer),Saber Interactive,Санкт-Петербург,Не указана,2025-10-22T16:21:44+0300,https://hh.ru/vacancy/125907903
64,Трафик-менеджер/Маркетолог,Moby-Tech,Санкт-Петербург,300000 - 350000 RUR,2025-10-29T12:47:49+0300,https://hh.ru/vacancy/127102517
65,Junior QA Engineer (gamedev),Matryoshka,Санкт-Петербург,64000 - 110000 RUR,2025-10-20T18:13:10+0300,https://hh.ru/vacancy/126749405
66,QA / Специалист по качеству в игровую студию (gamedev),CarX Technologies,Москва,60000 - None RUR,2025-10-15T11:18:57+0300,https://hh.ru/vacancy/126555440
67,Project Manager Gamedev,AYA GAMES,Москва,Не указана,2025-10-13T10:39:58+0300,https://hh.ru/vacancy/126453998
68,Office Manager (gamedev),Krista Games,Москва,Не указана,2025-10-05T21:25:49+0300,https://hh.ru/vacancy/124967029
69,"Unity-разработчик (WebGL, Мидл+)",Голотин Дмитрий Алексеевич,Санкт-Петербург,80000 - 100000 RUR,2025-10-31T11:54:31+0300,https://hh.ru/vacancy/127176808
70,Middle Game Designer,ВАЙБ ГЕЙМС,Казань,Не указана,2025-10-28T16:33:30+0300,https://hh.ru/vacancy/127074947
71,Backend-разработчик в gamedev,Маджестик Девелопмент,Москва,Не указана,2025-10-13T12:11:12+0300,https://hh.ru/vacancy/126461589
72,Game Developer,Darktheme Studios,Алматы,300 - None USD,2025-10-28T15:25:11+0300,https://hh.ru/vacancy/127071193
73,3D Artist (Vehicle and Hardsurface),Azur Games,Москва,Не указана,2025-10-07T18:11:08+0300,https://hh.ru/vacancy/126274916
74,Product manager / Gamedev,Джем,Москва,Не указана,2025-10-28T14:05:56+0300,https://hh.ru/vacancy/127062634
75,Unity/C# разработчик (Gamedev),Паттернмастерс,Санкт-Петербург,Не указана,2025-10-06T07:59:03+0300,https://hh.ru/vacancy/126155749
76,QA Engineer (GameDev),Смарт Геймс Девелопмент,Санкт-Петербург,Не указана,2025-10-08T12:47:47+0300,https://hh.ru/vacancy/126303451
77,Контент-мейкер на Youtube канал,Funny Maizen (ИП Соловей Василий Владимирович),Казань,55000 - None RUR,2025-10-06T18:57:11+0300,https://hh.ru/vacancy/126209895
78,Координатор учебного отдела,Universal University,Москва,Не указана,2025-10-22T14:47:33+0300,https://hh.ru/vacancy/126826411
79,Ресурс-менеджер (GameDev),RocketBrush Studio,Москва,800 - 1000 USD,2025-10-28T10:33:32+0300,https://hh.ru/vacancy/127046588
80,"Junior Game Designer (features, balance)",Matryoshka,Москва,65000 - 95000 RUR,2025-10-20T12:44:07+0300,https://hh.ru/vacancy/126726395
81,Unity разработчик,S8 Capital,Москва,Не указана,2025-10-27T11:41:18+0300,https://hh.ru/vacancy/126976654
82,Junior game designer,Волеводз Дмитрий Александрович,Москва,None - 50000 RUR,2025-10-12T14:31:21+0300,https://hh.ru/vacancy/126434207
83,Backend-разработчик на C#,Геймдев Клуб,Москва,80000 - None RUR,2025-10-15T10:41:20+0300,https://hh.ru/vacancy/126552543
84,Middle Frontend-разработчик (Vue),ПИКСМУВ,Москва,120000 - 200000 RUR,2025-10-20T11:45:49+0300,https://hh.ru/vacancy/126721891
85,Видеомонтажер,Геймдев Клуб,Минск,45000 - None RUR,2025-10-28T17:44:14+0300,https://hh.ru/vacancy/127078428
86,Game Designer (Generalist),Kosmos,Санкт-Петербург,Не указана,2025-10-24T18:49:15+0300,https://hh.ru/vacancy/126925984
87,Project manager (Gamedev),ROCKSTONE,Челябинск,Не указана,2025-10-21T10:25:10+0300,https://hh.ru/vacancy/126765086
88,Программист С++ (GameDev),AVRIO Group Consulting,Санкт-Петербург,180000 - None RUR,2025-10-09T16:41:49+0300,https://hh.ru/vacancy/124528355
89,2D художник персонажей (GameDev),Эксбо Север,Санкт-Петербург,Не указана,2025-10-29T13:58:13+0300,https://hh.ru/vacancy/126655456
90,Контент мейкер | Tik Tok,Геймдев Клуб,Минск,35000 - None RUR,2025-10-28T18:32:52+0300,https://hh.ru/vacancy/127080156
91,Сценарист визуальных новелл/стажер,Sinomi Games,Алматы,Не указана,2025-10-30T16:53:20+0300,https://hh.ru/vacancy/123612248
92,Middle+/Senior Node.js Developer (Gamedev),Новео,Москва,Не указана,2025-10-29T15:24:28+0300,https://hh.ru/vacancy/127112310
93,Junior Business Development Manager,TRACE studio,Санкт-Петербург,Не указана,2025-10-30T11:16:09+0300,https://hh.ru/vacancy/127137550
94,Unity Middle / Senior разработчик,Manerai.LLC,Минск,Не указана,2025-10-16T23:38:11+0300,https://hh.ru/vacancy/126630410
95,Sound Designer,Krista Games,Москва,Не указана,2025-10-16T09:12:56+0300,https://hh.ru/vacancy/126594450
96,Unity разработчик,Meowpunk,Ростов-на-Дону,Не указана,2025-10-07T16:20:19+0300,https://hh.ru/vacancy/126267955
97,Project Manager (iGaming),RM,Новосибирск,Не указана,2025-10-27T10:42:17+0300,https://hh.ru/vacancy/126356378
98,GameDev Recruiter,СтаркГеймз,Минск,Не указана,2025-10-09T14:37:55+0300,https://hh.ru/vacancy/126363534
99,Reverse Engineer C++ SAMP,AYA GAMES,Москва,Не указана,2025-10-28T17:15:02+0300,https://hh.ru/vacancy/127077165
100,Unreal Engine developer (gamedev),Парамонов Дмитрий,Саратов,Не указана,2025-10-24T15:17:54+0300,https://hh.ru/vacancy/104983503
101,Senior Unity Developer,Протасов Евгений Олегович,Москва,200000 - 300000 RUR,2025-10-28T15:27:01+0300,https://hh.ru/vacancy/127071255
102,Project Manager,MY.GAMES,Кипр,Не указана,2025-10-08T10:17:18+0300,https://hh.ru/vacancy/126292243
103,Customer Support Specialist,MY.GAMES,Армения,Не указана,2025-10-27T15:30:02+0300,https://hh.ru/vacancy/126304583
104,Project Manager,Art Alef Recrutement FZE,Москва,900 - 1500 USD,2025-10-29T16:54:39+0300,https://hh.ru/vacancy/126743876
105,Junior Project Manager (GameDev),Смарт Геймс Девелопмент,Санкт-Петербург,Не указана,2025-10-08T17:09:09+0300,https://hh.ru/vacancy/126319741
106,3D Character Artist/стажёр (Художник по персонажам/геймдев),Парамонов Дмитрий,Саратов,Не указана,2025-10-13T13:44:21+0300,https://hh.ru/vacancy/102357219
107,Unity Developer,СтаркГеймз,Минск,Не указана,2025-10-08T11:10:29+0300,https://hh.ru/vacancy/126296294
108,C++ Programmer (Unity games optimization),Saber Interactive,Санкт-Петербург,Не указана,2025-10-31T13:53:18+0300,https://hh.ru/vacancy/127182204
109,Senior Project Manager (в Геймдев),Маналот Геймз,Москва,150000 - 250000 RUR,2025-10-29T16:16:47+0300,https://hh.ru/vacancy/127115764
110,Нарративный дизайнер (мобильные казуальные игры),Лаборатория системных технологий,Москва,Не указана,2025-10-08T10:52:11+0300,https://hh.ru/vacancy/126294730
111,Полиграфолог (Санкт-Петербург),HuntIT,Санкт-Петербург,Не указана,2025-10-23T15:27:35+0300,https://hh.ru/vacancy/126881687
112,2D Artist,Game Forest,Новосибирск,Не указана,2025-10-23T07:14:34+0300,https://hh.ru/vacancy/126842123
113,Unity Developer (mobile game),Pride Games Studio,Санкт-Петербург,Не указана,2025-10-29T18:34:52+0300,https://hh.ru/vacancy/126028266
114,Ведущий продуктовый аналитик / Product Analyst (Gamedev),Kosmos,Санкт-Петербург,Не указана,2025-10-17T19:38:27+0300,https://hh.ru/vacancy/126677192
115,Project manager (Gamedev),ROCKSTONE,Санкт-Петербург,Не указана,2025-10-03T10:30:07+0300,https://hh.ru/vacancy/122528172
116,Маркетолог Геймдев,Мафф Медиа,Нижний Новгород,60000 - 120000 RUR,2025-10-24T18:22:21+0300,https://hh.ru/vacancy/126925675
117,3D Vehicle Artist,HOLYPOLY,Астана,600000 - 1000000 KZT,2025-10-30T22:31:25+0300,https://hh.ru/vacancy/127161455
118,Специалист студенческого отдела кадров в IT колледж,ЭДУТЕХ ГРУПП,Санкт-Петербург,70000 - None RUR,2025-10-30T11:11:56+0300,https://hh.ru/vacancy/127137212
119,Разработчик на Unreal Engine,Логинов Николай Александрович,Нижний Новгород,30000 - None RUR,2025-10-16T10:59:27+0300,https://hh.ru/vacancy/126601591
120,Middle/Senior 3d Character Artist (3D Художник по персонажам/геймдев),Мазитова Алтынай Рифовна,Москва,120000 - 150000 RUR,2025-10-27T19:25:57+0300,https://hh.ru/vacancy/127028479
121,Senior Frontend Developer (разработка игр),ITea RS d.o.o.,Сербия,2400 - None EUR,2025-10-28T13:07:22+0300,https://hh.ru/vacancy/127057015
122,Community Manager (gamedev),Playtox,Новосибирск,Не указана,2025-10-07T08:34:27+0300,https://hh.ru/vacancy/122866107
123,Middle 2D Artist,Elephant Games AR LLC,Минск,None - 700 USD,2025-10-24T13:42:24+0300,https://hh.ru/vacancy/126913688
124,Сотрудница/сотрудник в зал игровых аппаратов (казино),АСТОРИЯ,Алматы,Не указана,2025-10-30T12:43:58+0300,https://hh.ru/vacancy/123048361
125,HR-специалист/Менеджер по персоналу,Трафик Бэнд,Минск,Не указана,2025-10-07T14:49:34+0300,https://hh.ru/vacancy/126261514
126,Unity developer (HTML5 games),Be Nice games,Новосибирск,800 - 1500 EUR,2025-10-07T21:10:25+0300,https://hh.ru/vacancy/126277236
127,Джуниор технический гейм-дизайнер UE5 (Junior Technical Game Designer),Парамонов Дмитрий,Саратов,Не указана,2025-10-31T11:47:20+0300,https://hh.ru/vacancy/121276738
128,Project Manager,TRACE studio,Санкт-Петербург,Не указана,2025-10-06T15:42:58+0300,https://hh.ru/vacancy/126194051
129,QA Инженер (геймдев),S8 Capital,Москва,Не указана,2025-10-02T18:26:14+0300,https://hh.ru/vacancy/126082201
130,Аналитик данных (Геймдев),True Lab,Мальта,Не указана,2025-10-30T17:24:09+0300,https://hh.ru/vacancy/126924234
131,Креативный режиссер (GameDev),Kometa.Games,Москва,Не указана,2025-10-09T12:37:50+0300,https://hh.ru/vacancy/126356079
132,Junior/Middle 2D Artist (full remote),Matryoshka,Санкт-Петербург,70000 - 100000 RUR,2025-10-20T16:56:38+0300,https://hh.ru/vacancy/126744035
133,Директор по продукту,AMANSULTAN,Астана,Не указана,2025-10-28T14:49:40+0300,https://hh.ru/vacancy/127066997
134,Операционный менеджер (IT/GameDev),Лазарчук Мария,Москва,Не указана,2025-10-17T18:07:50+0300,https://hh.ru/vacancy/126675965
135,Ассистент кафедры (тьютор) в IT-колледж,Колледж информационных технологий международного уровня IThub,Санкт-Петербург,40000 - 60000 RUR,2025-10-27T16:51:48+0300,https://hh.ru/vacancy/127017969
136,Community manager (Gamedev),Brickworks Games LTD,Кипр,Не указана,2025-10-29T12:54:49+0300,https://hh.ru/vacancy/127102893
137,Unity-разработчик,Тарба Виталий Георгиевич,Тбилиси,Не указана,2025-10-27T10:12:06+0300,https://hh.ru/vacancy/126967230
138,Junior QA Engineer (gamedev),Matryoshka,Сербия,900 - 1500 EUR,2025-10-20T18:13:10+0300,https://hh.ru/vacancy/126749404
139,Java разработчик на мобильную RTS (Junior),Gear Games,Ярославль,Не указана,2025-10-05T23:00:36+0300,https://hh.ru/vacancy/126149335
140,UI/UX дизайнер (GameDev),Скайтек,Москва,Не указана,2025-10-30T13:35:32+0300,https://hh.ru/vacancy/127145496
141,Unity Developer / Разработчик кроссплатформенных игр на Unity (gamedev),CarX Technologies,Краснодар,180000 - None RUR,2025-10-10T15:22:11+0300,https://hh.ru/vacancy/126411685
142,User Aсquisition Manager (Gamedev),Маналот Геймз,Москва,150000 - 250000 RUR,2025-10-29T15:51:41+0300,https://hh.ru/vacancy/127114040
143,Unity-разработчик,Кочергин Максим Сергеевич,Екатеринбург,None - 100000 RUR,2025-10-02T13:02:27+0300,https://hh.ru/vacancy/126062867
144,Концепт-художник (геймдев),Cactus Games,Москва,Не указана,2025-10-13T13:36:24+0300,https://hh.ru/vacancy/126469529
145,Менеджер по персоналу/HR-менеджер (GameDev),Эксбо Север,Санкт-Петербург,Не указана,2025-10-31T18:11:38+0300,https://hh.ru/vacancy/126419703
146,Тьютор (преподаватель по готовой методике),Кампус Детства,Казань,20000 - 100000 RUR,2025-10-14T13:09:01+0300,https://hh.ru/vacancy/126517493
147,IT-рекрутер / HR-manager,CarX Technologies,Москва,120000 - None RUR,2025-10-13T12:03:09+0300,https://hh.ru/vacancy/125441279
148,React developer,Nekki Limited,Сербия,Не указана,2025-10-06T17:57:35+0300,https://hh.ru/vacancy/126208209
149,Middle QA / Инженер по тестированию (gamedev),Azur Games,Москва,Не указана,2025-10-07T11:08:35+0300,https://hh.ru/vacancy/126232114
150,Spine аниматор (gamedev),Маналот Геймз,Москва,150000 - 200000 RUR,2025-10-29T11:22:33+0300,https://hh.ru/vacancy/126866117
151,QA / Специалист по качеству в игровую студию (gamedev),CarX Technologies,Краснодар,60000 - None RUR,2025-10-07T09:54:22+0300,https://hh.ru/vacancy/124997314
152,IT-рекрутер,CarX Technologies,Краснодар,Не указана,2025-10-29T11:55:21+0300,https://hh.ru/vacancy/124943817
153,Наставник / преподаватель,ДПО ТРУДЭКСПЕРТ,Калининград,48000 - 90000 RUR,2025-10-29T08:29:58+0300,https://hh.ru/vacancy/126698760
154,Lead UX/UI дизайна,1С Гейм Студиос,Москва,Не указана,2025-10-27T17:33:00+0300,https://hh.ru/vacancy/127023937
155,Судебный юрист,Мир Хобби,Москва,Не указана,2025-10-30T09:02:24+0300,https://hh.ru/vacancy/127113826
156,UI/UX Дизайнер / Художник GameDev,Pusto studio,Москва,Не указана,2025-10-10T13:15:39+0300,https://hh.ru/vacancy/126402985
157,Технический продюсер (Gamedev),ZAVOD Games,Москва,Не указана,2025-10-17T14:41:11+0300,https://hh.ru/vacancy/126660006
158,IT-рекрутер,ОпенМайГейм,Гомель,Не указана,2025-10-26T12:52:09+0300,https://hh.ru/vacancy/125839279
159,Инженер-электронщик / монтажник электрооборудования,Игры Разума Софт,Минск,3000 - None BYR,2025-10-14T19:35:09+0300,https://hh.ru/vacancy/126187815
160,Frontend Developer (GameDev),Эксбо Север,Санкт-Петербург,Не указана,2025-10-31T16:52:22+0300,https://hh.ru/vacancy/126483569
161,Junior QA Engineer,Playrix,Армения,Не указана,2025-10-24T13:12:20+0300,https://hh.ru/vacancy/126912255
162,Senior Game Designer,Krista Games,Москва,Не указана,2025-10-27T20:26:53+0300,https://hh.ru/vacancy/127029145
163,Редактор локализации игр,Inlingo,Астана,Не указана,2025-10-20T16:26:14+0300,https://hh.ru/vacancy/126742276
164,Коммуникационый дизайнер в Гейм-студию Альфа-Банка,Альфа-Банк,Москва,Не указана,2025-10-15T14:37:14+0300,https://hh.ru/vacancy/124382468
165,2D Artist / GameDev,Mad Pixel,Москва,Не указана,2025-10-15T18:41:42+0300,https://hh.ru/vacancy/126583495
166,Разработчик C#,ВАЙБ ГЕЙМС,Москва,Не указана,2025-10-20T13:14:17+0300,https://hh.ru/vacancy/126728548
167,Unity Developer,Алгкод,Воронеж,90000 - None RUR,2025-10-10T16:08:35+0300,https://hh.ru/vacancy/126414794
168,Контент-мейкер в Gamedev (TikTok/Reels),Студия Кефир,Москва,Не указана,2025-10-30T11:55:06+0300,https://hh.ru/vacancy/126907901
169,BackEnd разработчик C# (Unity),Фёст Лэвэл Груп,Москва,Не указана,2025-10-24T12:11:09+0300,https://hh.ru/vacancy/126908924
170,Senior Product Designer (Mobile & Game Interfaces) / Дизайнер мобильных и игровых интерфейсов,Playneta,Москва,300000 - 600000 RUR,2025-10-30T09:52:43+0300,https://hh.ru/vacancy/127132445
171,Influence manager,BLACKHUB GAMES,Санкт-Петербург,Не указана,2025-10-30T15:59:54+0300,https://hh.ru/vacancy/126195075
172,Тестировщик-автоматизатор,Мамбу Геймс,Минск,Не указана,2025-10-03T10:41:59+0300,https://hh.ru/vacancy/126101912
173,Программист-разработчик,"Алабуга, ОЭЗ ППТ",Москва,130500 - None RUR,2025-10-24T09:35:51+0300,https://hh.ru/vacancy/126898459
174,SMM‑менеджер / Контролёр качества контента для AI‑генерированных каналов,SOFTINTERMOB HK,Алматы,600 - 900 USD,2025-10-31T09:43:48+0300,https://hh.ru/vacancy/127169529
175,Junior Game Designer (Mobile game),Pride Games Studio,Санкт-Петербург,Не указана,2025-10-17T21:07:48+0300,https://hh.ru/vacancy/126032907
176,Игровой аналитик / Game analyst,Top App Games,Кипр,Не указана,2025-10-16T11:54:52+0300,https://hh.ru/vacancy/126605095
177,Fullstack Game Developer (Pixi.JS),ROCKSTONE,Санкт-Петербург,Не указана,2025-10-02T12:19:21+0300,https://hh.ru/vacancy/123700854
178,Game Designer,Appfox,Тверь,None - 150000 RUR,2025-10-09T14:42:52+0300,https://hh.ru/vacancy/126363827
179,Game Analyst/Игровой аналитик (Gamedev),ROCKSTONE,Санкт-Петербург,Не указана,2025-10-30T12:10:37+0300,https://hh.ru/vacancy/125956775
180,AI Video designer / ИИ видеодизайнер (Gamedev),Студия Кефир,Москва,Не указана,2025-10-30T12:33:40+0300,https://hh.ru/vacancy/126910197
181,Product Owner,Lofty.,Москва,Не указана,2025-10-10T16:14:18+0300,https://hh.ru/vacancy/126415123
182,Product Owner / Analyst (Senior),Версус Геймс,Ижевск,200000 - 300000 RUR,2025-10-27T15:07:44+0300,https://hh.ru/vacancy/127004145
183,Business Development Manager for Game Industry,Технологический парк программных продуктов и информационных технологий,Ташкент,Не указана,2025-10-09T10:11:29+0300,https://hh.ru/vacancy/126346473
184,3D animator / 3D аниматор,SOFTINTERMOB HK,Москва,70000 - 100000 RUR,2025-10-27T10:31:00+0300,https://hh.ru/vacancy/126969075
185,UI/UX Designer GameDev (midcore),Azur Games,Москва,Не указана,2025-10-30T10:02:19+0300,https://hh.ru/vacancy/127132916
186,Продуктовый Овнер / Game Producer (Steam Games),Zebomba Games,Москва,Не указана,2025-10-13T09:12:29+0300,https://hh.ru/vacancy/126446445
187,Гейм-дизайнер,TiltShift,Томск,Не указана,2025-10-14T13:00:39+0300,https://hh.ru/vacancy/126516809
188,Unreal Engine Blueprint Developer / Technical Game Designer,Парамонов Дмитрий,Саратов,Не указана,2025-10-04T12:00:11+0300,https://hh.ru/vacancy/108400598
189,User Acquisition Manager,Валун Софт,Могилев,Не указана,2025-10-29T11:50:34+0300,https://hh.ru/vacancy/127099158
190,3D Аниматор/Риггер стажёр (геймдев),Парамонов Дмитрий,Саратов,Не указана,2025-10-12T09:46:00+0300,https://hh.ru/vacancy/102250440
191,Административный помощник руководителя,AVRIO Group Consulting,Санкт-Петербург,Не указана,2025-10-16T21:34:21+0300,https://hh.ru/vacancy/125121183
192,Head Of Growth,RM,Москва,Не указана,2025-10-01T23:05:31+0300,https://hh.ru/vacancy/126033855
193,Game Analyst / Product Analyst,Фёст Лэвэл Груп,Москва,320000 - 400000 RUR,2025-10-14T17:58:28+0300,https://hh.ru/vacancy/126534907
194,Junior HR / Recruiter / Sourcer (стажер),Heads and Hearts,Москва,None - 30000 RUR,2025-10-23T20:21:37+0300,https://hh.ru/vacancy/126890217
195,Менеджер по продажам,БОГГ.АРТ,Пенза,None - 200000 RUR,2025-10-13T16:52:03+0300,https://hh.ru/vacancy/126483560
196,Senior Product Owner,MY.GAMES,Кипр,Не указана,2025-10-28T11:43:09+0300,https://hh.ru/vacancy/127051438
197,2D аниматор (Gamedev),Crazy Panda,Москва,Не указана,2025-10-31T16:46:23+0300,https://hh.ru/vacancy/126833106
198,Руководитель отдела трафика в онлайн-школу CG-рисования,Home Art (ИП Никитенко Евгений Александрович),Санкт-Петербург,80000 - None RUR,2025-10-09T15:21:47+0300,https://hh.ru/vacancy/126366344
199,Дизайнер презентаций / SMM - Designer в креативное агентство,SMIT.Studio,Москва,80000 - None RUR,2025-10-31T16:11:57+0300,https://hh.ru/vacancy/126481007
200,Unity Developer,Wheel Entertainment,Москва,None - 500 USD,2025-10-18T02:22:57+0300,https://hh.ru/vacancy/126678645
201,Линейный продюсер (iGaming),STARTRIBE LTD,Тбилиси,Не указана,2025-10-31T16:26:17+0300,https://hh.ru/vacancy/127148848
202,"Junior QA (Mobile, Gamedev)",Starplay DMCC,Минск,Не указана,2025-10-30T15:57:13+0300,https://hh.ru/vacancy/126788340
203,Gamedev sales manager (свободный английский язык),Джем,Санкт-Петербург,Не указана,2025-10-28T18:00:30+0300,https://hh.ru/vacancy/125925372
204,Junior/Middle 2D Artist,Matryoshka,Сербия,700 - 1000 EUR,2025-10-20T16:56:38+0300,https://hh.ru/vacancy/126744034
205,Monetization Manager (Gamedev),Mad Pixel,Москва,Не указана,2025-10-09T18:47:29+0300,https://hh.ru/vacancy/126375078
206,Senior 2D Artist / Художник,Game development,Кипр,Не указана,2025-10-24T17:03:34+0300,https://hh.ru/vacancy/126923304
207,Unity-разработчик,SOFTINTERMOB HK,Минск,1600 - 2300 USD,2025-10-27T12:51:57+0300,https://hh.ru/vacancy/126986111
208,Junior IT Recruiter,LETO,Москва,Не указана,2025-10-16T09:19:18+0300,https://hh.ru/vacancy/126594903
209,3D Hair/Grooming Artist стажёр (геймдев),Парамонов Дмитрий,Саратов,Не указана,2025-10-14T16:33:38+0300,https://hh.ru/vacancy/106077119
210,Recruiter (GameDev|Gambling),Green Code,Москва,None - 1500 USD,2025-10-07T09:49:38+0300,https://hh.ru/vacancy/126225916
211,"Middle+/Senior QA Engineer (Unreal Engine, GameDev)",Инвейдерс,Москва,Не указана,2025-10-20T12:07:06+0300,https://hh.ru/vacancy/125722083
212,Менеджер по работе с клиентами,Хэйчхок,Воронеж,None - 60000 RUR,2025-10-15T09:16:20+0300,https://hh.ru/vacancy/126546827
213,Бренд-менеджер (Gamedev),Krista Games,Москва,Не указана,2025-10-15T17:29:23+0300,https://hh.ru/vacancy/126579517
214,Head Influence,ВАЙБ ГЕЙМС,Москва,Не указана,2025-10-06T14:42:33+0300,https://hh.ru/vacancy/126189329
215,Помощник/ассистент руководителя,ДРИМВИАР,Тверь,Не указана,2025-10-07T10:01:41+0300,https://hh.ru/vacancy/126226754
216,Зоопсихолог,"Ренессанс cтрахование, Группа",Москва,Не указана,2025-10-16T15:41:32+0300,https://hh.ru/vacancy/126619508
217,Middle 2D artist (Merge),Azur Games,Москва,Не указана,2025-10-23T15:05:53+0300,https://hh.ru/vacancy/126880486
218,QA Junior (симуляторы техники),Форвард,Новосибирск,Не указана,2025-10-30T05:46:00+0300,https://hh.ru/vacancy/126303473
219,Комьюнити-менеджер в Gamedev,TSOGEN,Ташкент,Не указана,2025-10-14T14:12:43+0300,https://hh.ru/vacancy/124112546
220,SMM-менеджер,Даософт,Челябинск,Не указана,2025-10-17T13:01:38+0300,https://hh.ru/vacancy/126651830
221,Наставник (преподаватель) в международной компании RENDERIA,Влазнев Владислав Олегович,Самара,5000 - 65000 RUR,2025-10-22T16:13:44+0300,https://hh.ru/vacancy/126831623
222,"Продуктовый аналитик (GameDev, MMORPG)",АЙГРИНД,Калининград,Не указана,2025-10-21T15:44:13+0300,https://hh.ru/vacancy/126787667
223,Руководитель продакшена в отдел 3D-визуализации,АйЭнДи Аркитектс,Москва,Не указана,2025-10-29T11:31:35+0300,https://hh.ru/vacancy/127098069
224,Бухгалтер / Accountant (IT/Tech),Лазарчук Мария,Москва,Не указана,2025-10-16T11:37:26+0300,https://hh.ru/vacancy/126604055
225,"Cinematic Artist cтажёр (Режиссёр-оператор кат-сцен, геймдев)",Парамонов Дмитрий,Саратов,Не указана,2025-10-04T11:56:13+0300,https://hh.ru/vacancy/108400236
226,Senior / Lead Game Designer,Game Forest,Сербия,Не указана,2025-10-30T11:45:47+0300,https://hh.ru/vacancy/127139328
227,Преподаватель IT дисциплин,ГБПОУ ОК Юго-Запад,Москва,100000 - 160000 RUR,2025-10-03T11:43:33+0300,https://hh.ru/vacancy/126106065
228,Animator (GameDev),Усманов Демид Сергеевич,Москва,1500 - 2000 USD,2025-10-06T09:04:04+0300,https://hh.ru/vacancy/126159706
229,Юрист-международник / International Legal (Middle),Green Code,Москва,2500 - 3400 USD,2025-10-13T15:22:53+0300,https://hh.ru/vacancy/125249834
230,"Game developer (Cocos, PixiJS, Phaser)",Мезенцев Сергей Юрьевич,Казань,None - 5000 USD,2025-10-11T11:58:28+0300,https://hh.ru/vacancy/126426638
231,Преподаватель в школу цифровых искусств,ТЕСТПРОМ,Мурманск,700 - 700 RUR,2025-10-09T16:01:33+0300,https://hh.ru/vacancy/126368551
232,Unity-разработчик,SOFTINTERMOB HK,Алматы,1600 - 2300 USD,2025-10-27T12:51:57+0300,https://hh.ru/vacancy/126986109
233,Секретарь,Точка Роста,Чебоксары,35000 - None RUR,2025-10-06T14:54:09+0300,https://hh.ru/vacancy/126190116
234,Unity разработчик/C# разработчик (gamedev) middle/senior,FunFlow (ООО Мобильные Игровые Решения),Москва,200000 - 300000 RUR,2025-10-27T18:39:01+0300,https://hh.ru/vacancy/124488192
235,Delivery Manager,Nekki Limited,Сербия,Не указана,2025-10-06T15:31:35+0300,https://hh.ru/vacancy/124009765
236,Менеджер проектов (GameDev),Цифровой элемент,Челябинск,Не указана,2025-10-23T06:45:57+0300,https://hh.ru/vacancy/125414566
237,Разработчик C++,ВАЙБ ГЕЙМС,Москва,Не указана,2025-10-20T13:09:50+0300,https://hh.ru/vacancy/126728197
238,2D Senior / Lead Illustrator artist / Художник - иллюстратор (2D),Grafit Studio,Санкт-Петербург,Не указана,2025-10-03T18:51:01+0300,https://hh.ru/vacancy/126127031
239,Аналитик 1С \ Специалист технической поддержки 1С,Окей ИТ,Сербия,Не указана,2025-10-14T17:10:58+0300,https://hh.ru/vacancy/126532571
240,Project/Product Manager (GameDev),Armada Forge Games,Санкт-Петербург,Не указана,2025-10-06T15:40:27+0300,https://hh.ru/vacancy/126193878
241,Гейм-дизайнер,Смарт Геймс Девелопмент,Санкт-Петербург,Не указана,2025-10-06T11:51:09+0300,https://hh.ru/vacancy/126175450
242,Senior Unity Developer (2D Top-down ARPG для Steam),Технология Буста,Москва,100000 - 250000 RUR,2025-10-30T19:08:09+0300,https://hh.ru/vacancy/126795997
243,Специалист по составлению расписания в IT колледж,ЭДУТЕХ ГРУПП,Санкт-Петербург,80000 - None RUR,2025-10-08T16:46:19+0300,https://hh.ru/vacancy/123065820
244,Game Designer / Гейм-дизайнер,ДжастМоби,Самара,Не указана,2025-10-08T21:01:53+0300,https://hh.ru/vacancy/125097343
245,Junior Level Designer (Дизайнер уровней) UE5,Парамонов Дмитрий,Саратов,Не указана,2025-10-19T16:34:24+0300,https://hh.ru/vacancy/120877777
246,3D animator / 3D аниматор,SOFTINTERMOB HK,Алматы,800 - 1200 USD,2025-10-20T11:13:18+0300,https://hh.ru/vacancy/126716824
247,Арт-директор / Ведущий концепт-художник,Watt Studio,Москва,Не указана,2025-10-29T16:05:34+0300,https://hh.ru/vacancy/126510174
248,Специалист по информационной безопасности,"Алабуга, ОЭЗ ППТ",Казань,170000 - None RUR,2025-10-23T11:04:00+0300,https://hh.ru/vacancy/126863290
249,Unity-разработчик (GameDev),Mad Pixel,Москва,Не указана,2025-10-06T13:27:57+0300,https://hh.ru/vacancy/126184042
250,Head of PM,BLACKHUB GAMES,Москва,Не указана,2025-10-29T15:39:07+0300,https://hh.ru/vacancy/126072914
251,Senior Business Development Manager (Gamedev),AdChampagne,Санкт-Петербург,2500 - 2500 USD,2025-10-08T10:53:56+0300,https://hh.ru/vacancy/125663014
252,Automation QA-Engineer на мобильную RTS (GameDev),Gear Games,Санкт-Петербург,Не указана,2025-10-29T18:54:54+0300,https://hh.ru/vacancy/126082714
253,Unity Developer,MY.GAMES,Кипр,Не указана,2025-10-28T14:50:44+0300,https://hh.ru/vacancy/126476825
254,Учитель информатики (готовая программа),Юшков Никита,Москва,None - 134000 RUR,2025-10-31T16:19:24+0300,https://hh.ru/vacancy/127189350
255,Middle Project Manager (GameDev),Black Bears,Тамбов,Не указана,2025-10-28T19:21:30+0300,https://hh.ru/vacancy/126628989
256,Сорсер,Pixel Talent,Алматы,Не указана,2025-10-31T11:47:32+0300,https://hh.ru/vacancy/125216290
257,QA Automation Engineer,ГеймТек,Минск,Не указана,2025-10-16T12:46:39+0300,https://hh.ru/vacancy/126608497
258,Game Analyst,ZiMAD,Сербия,Не указана,2025-10-29T07:31:18+0300,https://hh.ru/vacancy/125872239
259,"Бухгалтер (IT, GameDev)",NaZare Recruitment (Назаретова Виктория Александровна),Москва,Не указана,2025-10-16T15:31:49+0300,https://hh.ru/vacancy/126619008
260,Unity Level Designer,Pimpochka Games,Алматы,600 - 900 USD,2025-10-16T22:52:43+0300,https://hh.ru/vacancy/126630198
261,Программист игровой физики,1С Гейм Студиос,Москва,Не указана,2025-10-20T10:57:01+0300,https://hh.ru/vacancy/124482742
262,Senior Legal Counsel (GameDev),Лазарчук Мария,Москва,Не указана,2025-10-07T10:45:05+0300,https://hh.ru/vacancy/126230329
263,Java Server Side Developer,Nekki Limited,Сербия,Не указана,2025-10-06T15:31:41+0300,https://hh.ru/vacancy/122783301
264,Middle+\Senior 2D Artist,CHAMELEON42,Москва,Не указана,2025-10-30T13:43:51+0300,https://hh.ru/vacancy/126992911
265,Senior QA Engineer,Azur Games,Москва,Не указана,2025-10-12T21:52:42+0300,https://hh.ru/vacancy/126436854
266,Senior Game Designer,S8 Capital,Москва,Не указана,2025-10-15T16:39:56+0300,https://hh.ru/vacancy/126576654
267,Unity-разработчик (Gamedev),Crazy Panda,Москва,Не указана,2025-10-29T14:00:41+0300,https://hh.ru/vacancy/125843277
268,User Acquisition менеджер | Google Ads,Геймдев Клуб,Москва,60000 - None RUR,2025-10-28T19:13:48+0300,https://hh.ru/vacancy/127080845
269,Live Ops Producer,G5EN KAZ,Астана,Не указана,2025-10-31T17:58:31+0300,https://hh.ru/vacancy/127193438
270,Javascript 2D 3D game developer,МРЭИД Девелопмент,Минск,500 - 1500 USD,2025-10-06T12:29:41+0300,https://hh.ru/vacancy/126179536
271,User Acquisition Manager / Трафик менеджер (GameDev),РПБ Gaming,Санкт-Петербург,120000 - None RUR,2025-10-19T12:12:47+0300,https://hh.ru/vacancy/126688493
272,Менеджер по работе с партнерами (gamedev),Playtox,Новосибирск,Не указана,2025-10-17T14:19:18+0300,https://hh.ru/vacancy/92897450
273,Ассистент менеджера по работе с блогерами/Ассистент Influnece Manager,Home Digital School,Москва,40000 - None RUR,2025-10-29T20:22:56+0300,https://hh.ru/vacancy/126084170
274,(GameDev) Тестировщик / QA Engineer (Middle/Senior),THC,Москва,Не указана,2025-10-31T03:38:04+0300,https://hh.ru/vacancy/123866677
275,Помощник бухгалтера/финансовый аналитик,ДРИМВИАР,Тверь,Не указана,2025-10-07T09:56:38+0300,https://hh.ru/vacancy/126226411
276,3D Animator (Gamedev),ДЕВГЕЙМ,Новокузнецк,Не указана,2025-10-14T11:19:53+0300,https://hh.ru/vacancy/126509008
277,Content Manager / Data Specialist,GAMETEQ,Тбилиси,Не указана,2025-10-31T15:26:29+0300,https://hh.ru/vacancy/126264731
278,Руководитель отдела / Lead Креативный продюсер (Mobile Games),SVMD,Москва,Не указана,2025-10-10T13:00:11+0300,https://hh.ru/vacancy/125122223
279,"Team lead команды frontend разработчиков (направление ""игры"")",Okko,Санкт-Петербург,Не указана,2025-10-21T12:30:54+0300,https://hh.ru/vacancy/126774252
280,Технический аниматор,Watt Studio,Москва,Не указана,2025-10-31T16:20:50+0300,https://hh.ru/vacancy/127189428
281,Преподаватель по шахматам в школу,Школа информационных технологий Кодер Лаб,Москва,50000 - 120000 RUR,2025-10-30T09:55:16+0300,https://hh.ru/vacancy/127132567
282,2D Artist (middle+),Лаборатория системных технологий,Санкт-Петербург,Не указана,2025-10-08T11:02:05+0300,https://hh.ru/vacancy/126295502
283,Business Development Manager (Roblox),101XP,Москва,Не указана,2025-10-09T12:56:02+0300,https://hh.ru/vacancy/126357183
284,Преподаватель IT дисциплин,Компьютерная академия TOP (Компьютерная Академия ТОП),Щелково (Московская область),Не указана,2025-10-31T15:55:49+0300,https://hh.ru/vacancy/127188242
285,Senior 2D/AI Artist (Gamedev),Маналот Геймз,Москва,100000 - 170000 RUR,2025-10-29T19:21:42+0300,https://hh.ru/vacancy/126889540
286,Level Designer (Builder) / 3D-дизайнер,Соловьев Григорий Владимирович,Москва,None - 90000 RUR,2025-10-07T16:18:31+0300,https://hh.ru/vacancy/126267842
287,Email-специалист,Queen Interactive Games Ltd,Армения,Не указана,2025-10-16T13:43:36+0300,https://hh.ru/vacancy/126612045
288,Middle Software Engineer (Gameplay),Playrix,Сербия,Не указана,2025-10-28T11:38:16+0300,https://hh.ru/vacancy/123416150
289,Product manager (Middle),ZiMAD,Сербия,Не указана,2025-10-15T09:41:43+0300,https://hh.ru/vacancy/126548472
290,Middle+ / Senior Game Designer,Game Forest,Москва,Не указана,2025-10-20T09:06:05+0300,https://hh.ru/vacancy/124530376
291,Middle Game designer / Гейм-дизайнер,ROCKSTONE,Санкт-Петербург,Не указана,2025-10-25T18:31:52+0300,https://hh.ru/vacancy/125812029
292,Game Developer,Darktheme Studios,Минск,300 - None USD,2025-10-28T15:22:03+0300,https://hh.ru/vacancy/127071036
293,Marketing Producer,MY.GAMES,Кипр,Не указана,2025-10-29T13:34:37+0300,https://hh.ru/vacancy/127105034
294,Junior Game Designer,Playrix,Финляндия,Не указана,2025-10-13T18:58:24+0300,https://hh.ru/vacancy/126487892
295,User Acquisition Manager / Media buyer,Фёст Лэвэл Груп,Москва,Не указана,2025-10-20T14:50:04+0300,https://hh.ru/vacancy/126735154
296,Senior Unity Game Developer / Engineer (MMO / Multiplayer / C#),К1 образование,Москва,200000 - None RUR,2025-10-21T11:22:16+0300,https://hh.ru/vacancy/126769205
297,Маркетинг-менеджер / Специалист по онлайн-продвижению (геймдев),Линкер Валерия Николаевна,Москва,60000 - None RUR,2025-10-23T13:00:59+0300,https://hh.ru/vacancy/126873005
298,Middle Unity Разработчик,ОпенМайГейм,Гомель,Не указана,2025-10-08T09:13:26+0300,https://hh.ru/vacancy/113104035
299,SMM / Community manager (gamedev),Indie Go,Москва,Не указана,2025-10-29T13:04:55+0300,https://hh.ru/vacancy/126727761
300,Project Manager (2D/3D креативы Gamedev),SVMD,Москва,100000 - 120000 RUR,2025-10-22T16:24:43+0300,https://hh.ru/vacancy/126832146
301,Контент-мейкер / Content Creator / Reels maker / (Reels / TikTok) для мобильных игр,THC,Москва,Не указана,2025-10-29T14:58:12+0300,https://hh.ru/vacancy/127110622
302,Менеджер по продажам (входящий поток заявок),ТЕСТПРОМ,Мурманск,60000 - 125000 RUR,2025-10-09T15:59:21+0300,https://hh.ru/vacancy/126368395
303,Аналитик / помощник PM в GameDev,Форвард,Новосибирск,Не указана,2025-10-31T07:55:40+0300,https://hh.ru/vacancy/126381433
304,Senior Business development manager,"Hi, Rockits!",Москва,3000 - None USD,2025-10-03T16:17:41+0300,https://hh.ru/vacancy/126121713
305,Influence Marketing Manager/Менеджер по работе с блогерами,Home Digital School,Москва,90000 - None RUR,2025-10-29T20:22:56+0300,https://hh.ru/vacancy/126084168
306,"Unity C# Middle Developer (мультиплеер, VR)",Технострайк,Москва,Не указана,2025-10-23T07:33:52+0300,https://hh.ru/vacancy/126842512
307,Преподаватель по информационным технологиям,Московский Технологический Институт,Москва,Не указана,2025-10-17T17:51:22+0300,https://hh.ru/vacancy/126160745
308,Project manager/Producer cо знанием португальского (Gamedev),Джем,Москва,Не указана,2025-10-02T16:04:39+0300,https://hh.ru/vacancy/126074303
309,Геймдизайнер по монетизации и балансу мобильных игр,Голотин Дмитрий Алексеевич,Санкт-Петербург,100000 - 150000 RUR,2025-10-27T20:15:39+0300,https://hh.ru/vacancy/127029013
310,Fullstack-разработчик,Джем,Санкт-Петербург,1500 - 2500 USD,2025-10-15T19:30:54+0300,https://hh.ru/vacancy/126584234
311,HR менеджер,Правовая Защита и Помощь,Санкт-Петербург,110000 - None RUR,2025-10-31T10:04:57+0300,https://hh.ru/vacancy/126597956
312,Lead Project manager (Gamedev),ROCKSTONE,Санкт-Петербург,Не указана,2025-10-25T17:19:09+0300,https://hh.ru/vacancy/118363313
313,Маркетинг аналитик,Шабатин Валерий Васильевич,Санкт-Петербург,Не указана,2025-10-10T09:07:17+0300,https://hh.ru/vacancy/126384706
314,Game Designer,ZiMAD,Польша,Не указана,2025-10-17T15:35:01+0300,https://hh.ru/vacancy/125446110
315,Технический художник 2D,1С Гейм Студиос,Москва,Не указана,2025-10-20T10:56:39+0300,https://hh.ru/vacancy/126713877
316,Python Developer (Gameplay),Леста Игры,Минск,Не указана,2025-10-31T11:42:39+0300,https://hh.ru/vacancy/126396598
317,Lead Game Designer / Руководитель отдела Геймдизайна,ВАЙБ ГЕЙМС,Москва,Не указана,2025-10-02T11:31:04+0300,https://hh.ru/vacancy/126056801
318,Typescript Game Developer,ГеймТек,Минск,Не указана,2025-10-07T09:34:34+0300,https://hh.ru/vacancy/125159660
319,Преподаватель (digital-творчество),Кириченко Ярослав Александрович,Сочи,48000 - 90000 RUR,2025-10-06T11:11:27+0300,https://hh.ru/vacancy/126172087
320,Бухгалтер (Accountant),Крупная игровая компания,Кипр,Не указана,2025-10-09T16:50:44+0300,https://hh.ru/vacancy/126370884
321,Senior Game QA Engineer,ОсОО Алга Интерактив,Бишкек,Не указана,2025-10-14T11:17:45+0300,https://hh.ru/vacancy/126508847
322,Senior 2D Character Artist,Art Alef Recrutement FZE,Москва,1000 - 2500 USD,2025-10-29T18:33:01+0300,https://hh.ru/vacancy/125485331
323,Специалист по кадровому делопроизводству,Indie Go,Москва,80000 - 80000 RUR,2025-10-29T12:31:59+0300,https://hh.ru/vacancy/126725479
324,Unity Developer,Top App Games,Кипр,Не указана,2025-10-13T09:47:01+0300,https://hh.ru/vacancy/126449448
325,Junior QA Engineer,Playrix,Тбилиси,Не указана,2025-10-24T13:13:43+0300,https://hh.ru/vacancy/126912348
326,Senior Backend Engineer - Python,8Labs,Санкт-Петербург,150000 - 250000 RUR,2025-10-13T16:32:07+0300,https://hh.ru/vacancy/126482358
327,SMM-менеджер / Контент-менеджер,Home Digital School,Санкт-Петербург,55000 - None RUR,2025-10-16T15:56:16+0300,https://hh.ru/vacancy/126620323
328,Руководитель отдела по привлечению абитуриентов,ЭДУТЕХ ГРУПП,Санкт-Петербург,150000 - None RUR,2025-10-28T11:02:56+0300,https://hh.ru/vacancy/126654812
329,"Junior Game Designer (features, balance)",Matryoshka,Сербия,700 - 1100 EUR,2025-10-07T08:43:00+0300,https://hh.ru/vacancy/126220697
330,Account manager,Призма,Москва,Не указана,2025-10-13T15:54:34+0300,https://hh.ru/vacancy/126119428
331,Business Development Manager,BALANCY LIMITED,Астана,Не указана,2025-10-22T16:04:57+0300,https://hh.ru/vacancy/126831166
332,Senior Creative AI Designer,Instories,Москва,Не указана,2025-10-24T17:15:11+0300,https://hh.ru/vacancy/126923896
333,Level designer,Форвард,Новосибирск,Не указана,2025-10-13T06:36:29+0300,https://hh.ru/vacancy/113148932
334,Senior JavaScript Developer (GameDev / Highload / Optimization),Басенко Виктор Александрович,Москва,400000 - 550000 RUR,2025-10-31T14:54:37+0300,https://hh.ru/vacancy/126409883
335,Преподаватель IT дисциплин,Компьютерная академия TOP (Компьютерная Академия ТОП),Ульяновск,20000 - None RUR,2025-10-30T10:32:03+0300,https://hh.ru/vacancy/127134918
336,UI Artist,Хайкор Геймз,Минск,Не указана,2025-10-29T12:44:40+0300,https://hh.ru/vacancy/126871902
337,Middle Game Designer,Matryoshka,Москва,130000 - 170000 RUR,2025-10-23T11:05:39+0300,https://hh.ru/vacancy/126863586
338,2D AI Artist,Art Alef Recrutement FZE,Санкт-Петербург,400 - 2000 USD,2025-10-29T18:41:39+0300,https://hh.ru/vacancy/126676540
339,2D художник по персонажам (GameDev),MYTONA KZ,Тбилиси,Не указана,2025-10-29T11:25:24+0300,https://hh.ru/vacancy/126297396
340,Quality Assurance Engineer (GameDev),TSOGEN,Ташкент,Не указана,2025-10-15T16:43:48+0300,https://hh.ru/vacancy/125344356
341,2D-Художник \ Icon artist (Gamedev),Студия Кефир,Москва,Не указана,2025-10-30T17:58:47+0300,https://hh.ru/vacancy/126208264
342,Media Buyer (Gamedev),ROCKSTONE,Санкт-Петербург,Не указана,2025-10-22T17:02:54+0300,https://hh.ru/vacancy/126834029
343,Customer Support Agent,MY.GAMES,Армения,Не указана,2025-10-06T13:09:31+0300,https://hh.ru/vacancy/122826384
344,Game Designer (2D/3D Educational & Well-Being Games),СайберСан,Минск,Не указана,2025-10-30T15:02:36+0300,https://hh.ru/vacancy/127151237
345,GameDev Художник (Иллюстратор / 2dArtist / Game Design),Этматик,Минск,Не указана,2025-10-16T16:21:11+0300,https://hh.ru/vacancy/125530833
346,Менеджер по Ozon,La Print House,Москва,55000 - None RUR,2025-10-31T16:25:33+0300,https://hh.ru/vacancy/126268333
347,Lead Unity Developer,КБ Продакшн,Москва,Не указана,2025-10-08T10:01:15+0300,https://hh.ru/vacancy/124721736
348,Концепт-художник на промо (gamedev),Armada Forge Games,Санкт-Петербург,Не указана,2025-10-06T15:25:30+0300,https://hh.ru/vacancy/126192978
349,Senior Unity Developer,Лоппи Поппи,Минск,3000 - None USD,2025-10-21T09:20:16+0300,https://hh.ru/vacancy/126760384
350,Моушн дизайнер / Motion Designer (GameDev),Маналот Геймз,Москва,130000 - 170000 RUR,2025-10-30T19:34:50+0300,https://hh.ru/vacancy/126584257
351,Преподаватель IT для детей,СИНЕРГИЯ,Ташкент,Не указана,2025-10-31T14:08:34+0300,https://hh.ru/vacancy/126656506
352,Преподаватель детской IT-академии / программист,impact Academies&Camps,Новосибирск,40000 - None RUR,2025-10-24T19:05:14+0300,https://hh.ru/vacancy/126926117
353,Преподаватель биотехнологии в учебный центр,Инжинириум МГТУ им. Н.Э. Баумана (ООО ВелесЛаб),Санкт-Петербург,30000 - 45000 RUR,2025-10-30T14:26:09+0300,https://hh.ru/vacancy/126781704
354,Motion Designer (outsourcing|gamedev),Dankolab,Санкт-Петербург,Не указана,2025-10-29T12:21:26+0300,https://hh.ru/vacancy/126724750
355,Менеджер по продажам,Новосельцев Алексей Александрович,Краснодар,70000 - None RUR,2025-10-13T03:22:36+0300,https://hh.ru/vacancy/126438099
356,"Junior Game Developer (GameDev Разработчик, фотошоп+сборка-в-редакторе+анимация)",Этматик,Минск,1200 - None BYR,2025-10-16T16:21:27+0300,https://hh.ru/vacancy/125531021
357,Backend Developer (Fastify / Express. js + PostgreSQL) / Разработчик,Playneta,Кипр,Не указана,2025-10-24T16:21:51+0300,https://hh.ru/vacancy/126921729
358,"R&D Prototype Developer (Mobile Games, JavaScript)",Лаборатория системных технологий,Москва,Не указана,2025-10-17T16:46:05+0300,https://hh.ru/vacancy/126672655
359,Преподаватель IT в детскую онлайн-школу,Спринг,Москва,60000 - 90000 RUR,2025-10-29T14:44:18+0300,https://hh.ru/vacancy/127109939
360,Project Manager Game Dev,Beresnev Games,Москва,Не указана,2025-10-28T19:22:37+0300,https://hh.ru/vacancy/126276318
361,Судебный юрист в онлайн-школы,Ultimate Education,Москва,Не указана,2025-10-21T15:35:15+0300,https://hh.ru/vacancy/126787029
362,Junior QA Engineer,Playrix,Астана,Не указана,2025-10-24T13:14:18+0300,https://hh.ru/vacancy/126912371
363,Специалист по автоматизации и внедрению Bitrix24 (GameDev),Креативкод,Москва,Не указана,2025-10-16T16:39:45+0300,https://hh.ru/vacancy/126623275
364,HTML 3D Playable Developer,MY.GAMES,Армения,Не указана,2025-10-29T10:23:10+0300,https://hh.ru/vacancy/127093659
365,Business Development Manager for Game Industry (Korean Language),Технологический парк программных продуктов и информационных технологий,Ташкент,Не указана,2025-10-08T09:58:32+0300,https://hh.ru/vacancy/126290721
366,Программист игрового AI,1С Гейм Студиос,Москва,Не указана,2025-10-20T10:56:59+0300,https://hh.ru/vacancy/124482135
367,Преподаватель IT дисциплин в Компьютерной Академии,Компьютерная академия TOP (Компьютерная Академия ТОП),Дмитров (Московская область),30000 - 70000 RUR,2025-10-30T12:19:01+0300,https://hh.ru/vacancy/127141263
368,Middle Unity Developer,Pride Games Studio,Санкт-Петербург,Не указана,2025-10-23T14:17:09+0300,https://hh.ru/vacancy/125287203
369,.Net Developer (с фокусом на математику и алгоритмы),Employcity,Москва,Не указана,2025-10-14T11:02:57+0300,https://hh.ru/vacancy/126507782
370,QA Engineer (Middle/Senior) / Тестировщик (Gamedev),Amaya Soft,Ташкент,Не указана,2025-10-30T10:46:12+0300,https://hh.ru/vacancy/126348654
371,Senior Java Developer,Azur Games,Москва,Не указана,2025-10-22T15:24:09+0300,https://hh.ru/vacancy/125624869
372,Учитель кружка программирования,Алгоритмика::Жуковский (ИП Басина Марина Викторовна),Жуковский  (Московская область),90000 - 130000 RUR,2025-10-07T00:45:07+0300,https://hh.ru/vacancy/126213740
373,UI/UX Designer (GameDev),Усманов Демид Сергеевич,Москва,1000 - 1500 USD,2025-10-06T09:04:04+0300,https://hh.ru/vacancy/126159705
374,Middle+/Senior marketing manager,Myteam.art,Москва,1200 - None USD,2025-10-02T14:27:04+0300,https://hh.ru/vacancy/126068371
375,User Acquisition Manager (Senior/Lead),MNOGOGAMES,Москва,Не указана,2025-10-28T21:06:11+0300,https://hh.ru/vacancy/126838280
376,PHP-разработчик (Symfony),Exyte,Новосибирск,Не указана,2025-10-02T13:03:52+0300,https://hh.ru/vacancy/126063038
377,Unity Developer С# Senior,Ласт Левел,Санкт-Петербург,Не указана,2025-10-15T11:40:21+0300,https://hh.ru/vacancy/126557099
378,"Преподаватель IT дисциплин в ММКЦТ ""Академия ТОП"" СПО (С++, Python)",Компьютерная академия TOP (Компьютерная Академия ТОП),Пермь,20000 - None RUR,2025-10-28T10:05:45+0300,https://hh.ru/vacancy/127044411
379,Product Owner / Game Producer (мобильные игры),SOFTINTERMOB HK,Санкт-Петербург,150000 - 250000 RUR,2025-10-13T10:54:18+0300,https://hh.ru/vacancy/126455082
380,"DevOps специалист (Kubernetes, GameDev)",Басенко Виктор Александрович,Москва,150000 - None RUR,2025-10-31T16:56:49+0300,https://hh.ru/vacancy/126270523
381,Управляющий в международную цифровую Школу RENDERIA,KiberSissters (ИП Решетова Людмила Анатольевна),Новосибирск,70000 - 150000 RUR,2025-10-09T09:26:36+0300,https://hh.ru/vacancy/125510351
382,Art-Лид (Гейм дев/Game Dev),S8 Capital,Москва,Не указана,2025-10-15T15:46:24+0300,https://hh.ru/vacancy/126573681
383,Cocos Creator Game Developer,Overmobile,Новосибирск,Не указана,2025-10-30T10:24:11+0300,https://hh.ru/vacancy/126968531
384,User Acquisition менеджер | Google Ads,Геймдев Клуб,Минск,60000 - None RUR,2025-10-28T19:13:48+0300,https://hh.ru/vacancy/127080847
385,Преподаватель Компьютерной Академии,Компьютерная академия TOP (Компьютерная Академия ТОП),Магнитогорск,45000 - None RUR,2025-10-30T16:40:25+0300,https://hh.ru/vacancy/127156483
386,Game Designer,Зет-Софтвер Рус,Нижний Новгород,Не указана,2025-10-28T17:06:29+0300,https://hh.ru/vacancy/122219213
387,Game Designer (Playables),Playrix,Польша,Не указана,2025-10-28T14:25:15+0300,https://hh.ru/vacancy/127064059
388,Продюсер вирального видеоконтента (геймдев),Garden of Dreams,Москва,60000 - 80000 RUR,2025-10-20T17:45:18+0300,https://hh.ru/vacancy/126747035
389,Гейм-дизайнер (Аватария),101XP,Москва,Не указана,2025-10-20T11:12:59+0300,https://hh.ru/vacancy/126716715
390,"Game Developer / Разработчик HTML5-слотов (TypeScript, PixiJS)",True Lab,Мальта,None - 3000 EUR,2025-10-06T17:04:34+0300,https://hh.ru/vacancy/126204898
391,Digital Marketing Specialist,Krista Games,Москва,Не указана,2025-10-07T12:53:08+0300,https://hh.ru/vacancy/126249381
392,"Senior. NET/C# Backend Developer (MMO, Multiplayer, Unity Game)",К1 образование,Москва,240000 - None RUR,2025-10-21T11:13:55+0300,https://hh.ru/vacancy/126768603
393,Technical Game Designer (UE),Nekki Limited,Сербия,Не указана,2025-10-23T17:20:22+0300,https://hh.ru/vacancy/126887363
394,Senior Frontend Developer (разработка игр),Прогмакс Девелопмент,Минск,2400 - None EUR,2025-10-20T11:21:08+0300,https://hh.ru/vacancy/126718300
395,Дизайнер (Promo / Web / UI),Этматик,Минск,Не указана,2025-10-16T16:21:47+0300,https://hh.ru/vacancy/125530865
396,Преподаватель курса «Digital-дизайн»,ЭДУТЕХ ГРУПП,Санкт-Петербург,None - 52000 RUR,2025-10-14T10:46:28+0300,https://hh.ru/vacancy/126506542
397,Game Designer (Roblox),Джем,Минск,Не указана,2025-10-16T17:34:19+0300,https://hh.ru/vacancy/126626309
398,Feature Owner в Gamedev (Middle/Senior),Azur Games,Москва,Не указана,2025-10-20T10:49:54+0300,https://hh.ru/vacancy/126712628
399,Success manager / Game analyst,Джем,Санкт-Петербург,1200 - 1700 USD,2025-10-28T13:59:19+0300,https://hh.ru/vacancy/126034471
400,Technical Game Designer (Геймдизайнер),IT Delaza EOOD,Санкт-Петербург,Не указана,2025-10-14T11:40:36+0300,https://hh.ru/vacancy/126510647
401,2D Spine аниматор,FunFlow (ООО Мобильные Игровые Решения),Москва,None - 200000 RUR,2025-10-30T10:30:48+0300,https://hh.ru/vacancy/120476409
402,Программист C++ Middle,DominiGames,Воронеж,Не указана,2025-10-08T15:21:31+0300,https://hh.ru/vacancy/126314139
403,Junior BizDev Manager,CHAMELEON42,Москва,Не указана,2025-10-30T13:29:04+0300,https://hh.ru/vacancy/126112169
404,Продуктовый аналитик,Медиа Бизнес Солюшенс,Москва,Не указана,2025-10-20T14:12:10+0300,https://hh.ru/vacancy/126732425
405,AI художник-иллюстратор (создание ассетов для мобильных креативов),DreamSim,Москва,5 - 15 USD,2025-10-29T11:03:22+0300,https://hh.ru/vacancy/126054577
406,Spine Animator (Аниматор в игровую индустрию) (Spine / Animation / Motion / GameDev),Этматик,Минск,Не указана,2025-10-29T18:29:25+0300,https://hh.ru/vacancy/125530905
407,3D Motion Designer Middle/Middle+,Ардор медиа,Минск,750 - 1500 USD,2025-10-16T08:48:01+0300,https://hh.ru/vacancy/126593040
408,Преподаватель программирования в онлайн-школу,Квантастика,Москва,50000 - 90000 RUR,2025-10-31T10:13:46+0300,https://hh.ru/vacancy/127171252
409,Motion Designer / Сценарист креативов (GameDev),Лаборатория системных технологий,Санкт-Петербург,Не указана,2025-10-22T17:36:05+0300,https://hh.ru/vacancy/126835363
410,Преподаватель программирования в офлайн-школу,Кунафин Ильсур Рашитович,Казань,10000 - 40000 RUR,2025-10-13T11:50:35+0300,https://hh.ru/vacancy/126459953
411,Technical Game Designer,Sinomi Games,Алматы,Не указана,2025-10-29T21:32:20+0300,https://hh.ru/vacancy/125455915
412,QA Game Engineer (Мир Танков),Леста Игры,Минск,Не указана,2025-10-31T13:10:46+0300,https://hh.ru/vacancy/110629776
413,IT-специалист / Преподаватель школы программирования,Академия Дизайна и Программирования,Новочеркасск,15000 - 20000 RUR,2025-10-12T09:48:15+0300,https://hh.ru/vacancy/126432197
414,Business development manager (gamedev),SVMD,Москва,Не указана,2025-10-22T16:29:37+0300,https://hh.ru/vacancy/126832380
415,Преподаватель программирования,Школа программирования Coddy (ИП Грачева Вероника Валерьевна),Саратов,1000 - 1000 RUR,2025-10-23T14:15:31+0300,https://hh.ru/vacancy/126877266
416,Маркетолог web3 & game dev,ROOMGRAM,Санкт-Петербург,Не указана,2025-10-17T11:31:16+0300,https://hh.ru/vacancy/126646025
417,Product Marketing Analyst (Gamedev),Gaijin Games,Сербия,Не указана,2025-10-15T14:40:15+0300,https://hh.ru/vacancy/126569287
418,Level Designer/Artist (Геймдев),Парамонов Дмитрий,Саратов,Не указана,2025-10-10T17:13:46+0300,https://hh.ru/vacancy/82351268
419,2D AI Artist,Art Alef Recrutement FZE,Москва,400 - 2000 USD,2025-10-29T16:25:21+0300,https://hh.ru/vacancy/126742241
420,Преподаватель компьютерных курсов в г. Братск,Компьютерная академия TOP (Компьютерная Академия ТОП),Братск,50000 - None RUR,2025-10-15T09:40:02+0300,https://hh.ru/vacancy/126548319
421,Motion Designer,G5EN KAZ,Сербия,Не указана,2025-10-21T18:03:31+0300,https://hh.ru/vacancy/126794718
422,Lead Unity Developer,ОпенМайГейм,Гомель,Не указана,2025-10-02T16:58:06+0300,https://hh.ru/vacancy/116767331
423,Middle 2D UX/UI artist / 2D художник в игровую студию (gamedev),CarX Technologies,Москва,150000 - None RUR,2025-10-02T16:15:08+0300,https://hh.ru/vacancy/126074782
424,Офис-менеджер,Ultimate Education,Москва,80000 - 80000 RUR,2025-10-15T10:25:02+0300,https://hh.ru/vacancy/126551441
425,"Преподаватель компьютерных IT курсов (GameDev, Unity)",Skyeng,Москва,Не указана,2025-10-21T15:59:13+0300,https://hh.ru/vacancy/126484713
426,Senior Server Developer C# (Gamedev),Azur Games,Москва,Не указана,2025-10-24T19:48:51+0300,https://hh.ru/vacancy/126926535
427,Lead ASO Manager,ОпенМайГейм,Минск,Не указана,2025-10-14T17:44:31+0300,https://hh.ru/vacancy/126534407
428,Ассистент руководителя со знанием английского (синхронный перевод),Леста Игры,Санкт-Петербург,Не указана,2025-10-30T11:47:48+0300,https://hh.ru/vacancy/126106345
429,Наставник по IT-направлениям в Онлайн-Школу,Rebotica,Москва,None - 80000 RUR,2025-10-30T12:13:39+0300,https://hh.ru/vacancy/126981153
430,Ведущий бренд-менеджер (Gamedev),Геймс Юнайтед,Москва,Не указана,2025-10-13T15:32:20+0300,https://hh.ru/vacancy/126478347
431,Преподаватель Физики Математики,Компьютерная академия TOP (Компьютерная Академия ТОП),Геленджик,5000 - 70000 RUR,2025-10-08T16:18:15+0300,https://hh.ru/vacancy/126317430
432,DevOps Engineer,MY.GAMES,Кипр,Не указана,2025-10-09T12:44:33+0300,https://hh.ru/vacancy/126356477
433,Специалист по внеучебной деятельности в IT-образовании,Skyeng,Чебоксары,None - 40000 RUR,2025-10-20T10:44:35+0300,https://hh.ru/vacancy/126711655
434,"Руководитель факультета ""Программирование""",ЭДУТЕХ ГРУПП,Санкт-Петербург,150000 - 180000 RUR,2025-10-24T18:34:12+0300,https://hh.ru/vacancy/125903261
435,Product Analytics Lead (Gamedev),Brickworks Games LTD,Кипр,Не указана,2025-10-10T14:15:42+0300,https://hh.ru/vacancy/126407443
436,Senior 3D Artist / Art Lead (Gamed),THC,Москва,Не указана,2025-10-31T16:31:26+0300,https://hh.ru/vacancy/126268857
437,Senior User Acquisition Manager (gamedev),Azur Games,Москва,Не указана,2025-10-20T10:51:43+0300,https://hh.ru/vacancy/126712996
438,Game Developer/Scripter (Roblox),Дип Фокс,Санкт-Петербург,Не указана,2025-10-29T18:14:07+0300,https://hh.ru/vacancy/126322980
439,"Преподаватель курса ""Искусственный интеллект и нейросети""",ЭДУТЕХ ГРУПП,Санкт-Петербург,None - 52000 RUR,2025-10-14T10:47:57+0300,https://hh.ru/vacancy/126506718
440,Администратор парка виртуальной реальности,PORTAL TECH,Москва,60000 - 70000 RUR,2025-10-30T17:24:07+0300,https://hh.ru/vacancy/126579295
441,Преподаватель детских компьютерных курсов,Компьютерная академия TOP (Компьютерная Академия ТОП),Междуреченск,40000 - 100000 RUR,2025-10-29T11:58:49+0300,https://hh.ru/vacancy/127099648
442,Middle Game Designer,DATASAKURA,Москва,Не указана,2025-10-31T13:50:58+0300,https://hh.ru/vacancy/126014822
443,Наставник (ментор) в КиберШколу программирования для детей (Белгород и Белгородский р-н),Желтова Евгения Юрьевна,Белгород,None - 45000 RUR,2025-10-22T14:06:42+0300,https://hh.ru/vacancy/126824192
444,"Foliage Team Lead (3D Realism) / Старший художник по окружению (растительность, реализм)",TRACE studio,Санкт-Петербург,Не указана,2025-10-22T16:32:46+0300,https://hh.ru/vacancy/126832516
445,3D-художник окружения на проект Fortnite,DragonFly Studio,Москва,1500 - 2500 USD,2025-10-29T10:52:05+0300,https://hh.ru/vacancy/123688932
446,UI Artist,Лаборатория системных технологий,Казань,Не указана,2025-10-22T16:19:26+0300,https://hh.ru/vacancy/126831937
447,Game Designer,MY.GAMES,Армения,Не указана,2025-10-08T10:14:13+0300,https://hh.ru/vacancy/126291936
448,User Acquisition Manager / Маркетолог,Фаброс,Минск,Не указана,2025-10-28T15:43:02+0300,https://hh.ru/vacancy/127072049
449,VFX Artist,Reaction Games,Санкт-Петербург,Не указана,2025-10-27T10:52:26+0300,https://hh.ru/vacancy/125470554
450,Преподаватель программирования для детей,Клуб Роботрек,Хабаровск,55000 - 75000 RUR,2025-10-09T23:47:37+0300,https://hh.ru/vacancy/125123930
451,Lead Environment Artist/Ведущий художник по окружению,Сёрфсайд 3Д,Санкт-Петербург,Не указана,2025-10-03T14:19:03+0300,https://hh.ru/vacancy/126115198
452,Педагог по программированию/подготовка к огэ и егэ по информатике,"ИТ-парк, Технопарк в сфере высоких технологий",Набережные Челны,Не указана,2025-10-03T16:07:56+0300,https://hh.ru/vacancy/126121155
453,Преподаватель программирования для учеников начальной школы,Неосистемы ИТ,Петрозаводск,Не указана,2025-10-22T12:59:26+0300,https://hh.ru/vacancy/125145436
454,Senior Level Designer (Gamedev),Krista Games,Москва,Не указана,2025-10-11T16:14:15+0300,https://hh.ru/vacancy/126428581
455,Game Feature Owner,G5EN KAZ,Тбилиси,Не указана,2025-10-13T15:07:02+0300,https://hh.ru/vacancy/126476382
456,UX/UI Дизайнер (Gamedev) / гейм-дизайнер,FunFlow (ООО Мобильные Игровые Решения),Москва,180000 - 250000 RUR,2025-10-13T10:34:30+0300,https://hh.ru/vacancy/125445603
457,UX/UI designer (Gamedev),Фёст Лэвэл Груп,Москва,Не указана,2025-10-15T13:19:28+0300,https://hh.ru/vacancy/126564052
458,Middle Game Designer,Top App Games,Кипр,Не указана,2025-10-09T11:45:10+0300,https://hh.ru/vacancy/121846245
459,Data Engineer (Middle),ZiMAD,Польша,Не указана,2025-10-17T14:58:12+0300,https://hh.ru/vacancy/126662806
460,ASO Manager,ZiMAD,Черногория,Не указана,2025-10-24T16:00:53+0300,https://hh.ru/vacancy/126920535
461,Учитель кружка программирования,Алгоритмика::Жуковский (ИП Басина Марина Викторовна),Москва,90000 - 130000 RUR,2025-10-27T12:57:21+0300,https://hh.ru/vacancy/126986747
462,Unity Team Lead,GAMETEQ,Тбилиси,Не указана,2025-10-31T13:53:04+0300,https://hh.ru/vacancy/126823361
463,Team Lead Media Buying (Facebook),RM,Москва,Не указана,2025-10-08T10:08:32+0300,https://hh.ru/vacancy/126291467
464,Преподаватель IT дисциплин в Компьютерной Академии,Компьютерная академия TOP (Компьютерная Академия ТОП),Киселевск,20000 - 50000 RUR,2025-10-20T05:20:00+0300,https://hh.ru/vacancy/126693727
465,Программист C++ (Gamedev),TSOGEN,Ташкент,Не указана,2025-10-08T12:13:14+0300,https://hh.ru/vacancy/122622253
466,Менеджер по продажам в онлайн-школу цифрового рисунка,Smirnov School,Москва,70000 - 130000 RUR,2025-10-31T14:26:45+0300,https://hh.ru/vacancy/126135842
467,UX/UI-дизайнер,Калашников Виталий Сергеевич,Санкт-Петербург,Не указана,2025-10-09T19:54:05+0300,https://hh.ru/vacancy/126375924
468,"Senior Core Game Designer (PVP, RPG mechanics)",Nekki Limited,Армения,Не указана,2025-10-30T16:58:37+0300,https://hh.ru/vacancy/127157114
469,Senior User Acquisition Manager,Шабатин Валерий Васильевич,Санкт-Петербург,Не указана,2025-10-16T11:59:39+0300,https://hh.ru/vacancy/126605415
470,Педагог по программированию,Компьютерная Академия Время Первых,Рязань,20000 - None RUR,2025-10-27T17:36:27+0300,https://hh.ru/vacancy/127024384
471,Game Designer,Playrix,Батуми,Не указана,2025-10-13T18:59:39+0300,https://hh.ru/vacancy/126487912
472,Преподаватель IT - дисциплин в Компьютерной Академии,Компьютерная академия TOP (Компьютерная Академия ТОП),Москва,1000 - 1200 RUR,2025-10-23T15:03:27+0300,https://hh.ru/vacancy/126880381
473,Game Development Studio Lead,Darktheme Studios,Алматы,300 - None USD,2025-10-29T15:21:28+0300,https://hh.ru/vacancy/127112124
474,Middle 2D/3D Artist Generalist | 2D/3D художник,DATASAKURA,Москва,Не указана,2025-10-31T12:29:22+0300,https://hh.ru/vacancy/126008796
475,Content Community Manager,MY.GAMES,Армения,Не указана,2025-10-09T16:19:25+0300,https://hh.ru/vacancy/126369477
476,"Преподаватель IT в детскую онлайн школу по Minecraft, Roblox, Scratch, Python, Swift, iOS, нейросети",Международная школа программирования CODDY,Москва,20000 - 80000 RUR,2025-10-29T20:40:33+0300,https://hh.ru/vacancy/126147386
477,Программист (Scripter) RLua,Соловьев Григорий Владимирович,Москва,Не указана,2025-10-07T16:18:00+0300,https://hh.ru/vacancy/126267806
478,Middle+/Senior Core Game Designer,Nekki Limited,Тбилиси,Не указана,2025-10-13T15:45:33+0300,https://hh.ru/vacancy/126479377
479,Marketing Graphic Designer (gamedev) / Графический дизайнер,Playneta,Алматы,Не указана,2025-10-17T14:04:39+0300,https://hh.ru/vacancy/126655884
480,Junior С++ Developer,Форвард,Новосибирск,Не указана,2025-10-21T07:16:24+0300,https://hh.ru/vacancy/122073784
481,Преподаватель IT дисциплин в Компьютерной Академии,Компьютерная академия TOP (Компьютерная Академия ТОП),Нижний Тагил,20000 - 100000 RUR,2025-10-28T11:18:34+0300,https://hh.ru/vacancy/127049893
482,Unreal Engine Developer,Леста Игры,Минск,Не указана,2025-10-31T14:53:02+0300,https://hh.ru/vacancy/124501120
483,Преподаватель IT-дисциплин,Московский Технологический Институт,Москва,Не указана,2025-10-17T17:51:23+0300,https://hh.ru/vacancy/126160830
484,Lead Gameplay Programmer (Unreal Engine),Saber Interactive,Санкт-Петербург,Не указана,2025-10-17T16:47:47+0300,https://hh.ru/vacancy/126390876
485,Senior Game Designer,Top App Games,Кипр,Не указана,2025-10-09T11:44:25+0300,https://hh.ru/vacancy/121856755
486,"Серверный программист (PHP, Lua, MySQL) в Gamedev",TSOGEN,Ташкент,Не указана,2025-10-14T15:58:30+0300,https://hh.ru/vacancy/122876160
487,Преподаватель программирования и робототехники в сеть IT Школ,Школа информационных технологий Кодер Лаб,Москва,83100 - 120000 RUR,2025-10-13T12:03:39+0300,https://hh.ru/vacancy/126460984
488,Менеджер по рекламной монетизации / Ad Monetization Manager (Middle/Senior),DominiGames,Воронеж,Не указана,2025-10-29T16:11:05+0300,https://hh.ru/vacancy/126906888
489,Преподаватель IT дисциплин (г. Энгельс),Компьютерная академия TOP (Компьютерная Академия ТОП),Энгельс,40000 - None RUR,2025-10-10T17:19:38+0300,https://hh.ru/vacancy/126418149
490,Теch Artist/2D Generalist,Azur Games,Москва,Не указана,2025-10-07T11:08:16+0300,https://hh.ru/vacancy/126232093
491,TypeScript Full Stack Developer,Басенко Виктор Александрович,Москва,150000 - None RUR,2025-10-30T13:13:31+0300,https://hh.ru/vacancy/126358440
492,Senior Видеодизайнер (Gamedev),Студия Кефир,Москва,Не указана,2025-10-29T12:22:04+0300,https://hh.ru/vacancy/126513738
493,Преподаватель по программированию и цифровому дизайну в детскую IT-школу,Школа программирования для детей CODDY,Тюмень,Не указана,2025-10-10T18:50:57+0300,https://hh.ru/vacancy/126420282
494,PR-менеджер (GameDev),Rekrut AI,Москва,Не указана,2025-10-10T05:33:04+0300,https://hh.ru/vacancy/126379143
495,Преподаватель IT дисциплин,Компьютерная академия TOP (Компьютерная Академия ТОП),Керчь,20000 - None RUR,2025-10-13T11:44:29+0300,https://hh.ru/vacancy/126459523
496,"Преподаватель курса ""Концепт-арт окружения""",Smirnov School,Москва,Не указана,2025-10-29T09:34:46+0300,https://hh.ru/vacancy/126288945
497,"UX/UI Дизайнер GameDev (casual, hybrid/hyper casual)",Azur Games,Москва,Не указана,2025-10-09T16:21:28+0300,https://hh.ru/vacancy/125114523
498,Team Lead Media Buying FB,RM,Москва,Не указана,2025-10-08T10:04:50+0300,https://hh.ru/vacancy/126291149
499,UI Technical Artist,Saber Interactive,Москва,Не указана,2025-10-13T11:36:40+0300,https://hh.ru/vacancy/126458925
500,Преподаватель детских компьютерных курсов,Компьютерная академия TOP (Компьютерная Академия ТОП),Ковров,Не указана,2025-10-22T12:26:03+0300,https://hh.ru/vacancy/126818186
501,Художник UI/UX (gamedev),GD Company,Санкт-Петербург,Не указана,2025-10-22T15:58:13+0300,https://hh.ru/vacancy/126830678
502,Преподаватель компьютерных курсов для детей,Компьютерная академия TOP (Компьютерная Академия ТОП),Горячий Ключ,25000 - None RUR,2025-10-13T12:03:02+0300,https://hh.ru/vacancy/126460935
503,"Преподаватель IT дисциплин в Компьютерной Академии (С++, Python, Графический дизайн)",Компьютерная академия TOP (Компьютерная Академия ТОП),Якутск,20000 - 60000 RUR,2025-10-22T08:06:23+0300,https://hh.ru/vacancy/126802309
504,UI 2D Artist / UI 2D художник (GameDev),FunFlow (ООО Мобильные Игровые Решения),Москва,90000 - 150000 RUR,2025-10-15T10:24:40+0300,https://hh.ru/vacancy/124581950
505,Наставник на курс 3D-моделирование реалистичных персонажей (Movie Man),Ultimate Education,Москва,Не указана,2025-10-06T14:06:30+0300,https://hh.ru/vacancy/126186898
506,Преподаватель-автор курсов по Python для детей,Международная школа программирования CODDY,Москва,9000 - 12600 RUR,2025-10-10T20:17:57+0300,https://hh.ru/vacancy/126421093
507,Game Development Studio Lead,Darktheme Studios,Санкт-Петербург,300 - None USD,2025-10-28T15:18:07+0300,https://hh.ru/vacancy/127070422
508,2D Artist Generalist,ZiMAD,Армения,Не указана,2025-10-14T10:30:28+0300,https://hh.ru/vacancy/126505318
509,Технический директор (CTO) Gamedev,Beresnev Games,Москва,Не указана,2025-10-30T11:22:34+0300,https://hh.ru/vacancy/126681961
510,Tech Lead Unity Developer / TL Юнити разработчиков / Senior Unity Developer,SOFTINTERMOB HK,Москва,280000 - 350000 RUR,2025-10-20T11:21:32+0300,https://hh.ru/vacancy/126718405
511,Преподаватель-программист,Инновация,Тула,35000 - 80000 RUR,2025-10-31T11:21:57+0300,https://hh.ru/vacancy/126603007
512,Web UI/UX Designer,G5EN KAZ,Тбилиси,Не указана,2025-10-13T14:58:10+0300,https://hh.ru/vacancy/126475835
513,Преподаватель школы программирования,Алгоритмика (ИП Тумусов Вадим Владиславович),Якутск,Не указана,2025-10-26T18:11:49+0300,https://hh.ru/vacancy/126947709
514,Senior/Lead Meta Game Designer (Cross-Platform Project),Nekki Limited,Армения,Не указана,2025-10-03T12:11:42+0300,https://hh.ru/vacancy/126107989
515,Преподаватель детских компьютерных курсов и робототехники,Компьютерная академия TOP (Компьютерная Академия ТОП),Киров (Кировская область),20000 - 35000 RUR,2025-10-17T14:03:30+0300,https://hh.ru/vacancy/126655812
516,Руководитель отдела продаж в Synergy Creative Hub,СИНЕРГИЯ,Якутск,120000 - None RUR,2025-10-29T10:35:23+0300,https://hh.ru/vacancy/126052365
517,UX/UI Дизайнер (Gamedev),FunFlow (ООО Мобильные Игровые Решения),Москва,200000 - 250000 RUR,2025-10-13T10:33:00+0300,https://hh.ru/vacancy/119016348
518,Game Designer,MY.GAMES,Армения,Не указана,2025-10-21T16:11:15+0300,https://hh.ru/vacancy/126788970
519,Graphic Programmer (Gamedev),Azur Games,Москва,Не указана,2025-10-07T17:32:19+0300,https://hh.ru/vacancy/126272269
520,"Преподаватель в детскую школу программирования ""Алгоритмика""",Алгоритмика (ИП Богодилов Руслан Александрович),Свободный,10000 - 60000 RUR,2025-10-20T05:53:29+0300,https://hh.ru/vacancy/126694117
521,Преподаватель компьютерных курсов для детей,Компьютерная академия TOP (Компьютерная Академия ТОП),Волжский (Волгоградская область),Не указана,2025-10-13T10:05:26+0300,https://hh.ru/vacancy/126450864
522,Game Development Studio Lead,Darktheme Studios,Тбилиси,300 - None USD,2025-10-28T15:28:30+0300,https://hh.ru/vacancy/127071323
523,2D Senior Artist (Gamedev),Azur Games,Москва,Не указана,2025-10-06T17:36:29+0300,https://hh.ru/vacancy/126207311
524,Эксперт на маркетинговые вебинары по Геймдизайну,Ultimate Education,Москва,Не указана,2025-10-06T14:01:45+0300,https://hh.ru/vacancy/126186423
525,UX-Лид (Гейм дев/Game Dev),S8 Capital,Москва,Не указана,2025-10-15T15:45:04+0300,https://hh.ru/vacancy/126573582
526,Team lead mediabuying (mobile app),Pride Games Studio,Санкт-Петербург,Не указана,2025-10-11T16:04:18+0300,https://hh.ru/vacancy/125236538
527,Tech Programmer,Леста Игры,Санкт-Петербург,Не указана,2025-10-31T10:25:28+0300,https://hh.ru/vacancy/126228724
528,"Преподаватель наставник IT дисциплин (м.Некрасовка, мцд Люберцы)",Компьютерная академия TOP (Компьютерная Академия ТОП),Люберцы  (Московская область),700 - 1300 RUR,2025-10-31T09:59:55+0300,https://hh.ru/vacancy/126450459
529,Render Programmer (Мир танков),Леста Игры,Санкт-Петербург,Не указана,2025-10-29T11:06:30+0300,https://hh.ru/vacancy/121662197
530,Tools Programmer C++ (Мир танков),Леста Игры,Санкт-Петербург,Не указана,2025-10-29T10:50:42+0300,https://hh.ru/vacancy/121660557
531,Преподаватель компьютерных курсов,Компьютерная академия TOP (Компьютерная Академия ТОП),Ижевск,Не указана,2025-10-14T11:51:44+0300,https://hh.ru/vacancy/126511558
532,Engine Programmer C++ (Мир танков),Леста Игры,Санкт-Петербург,Не указана,2025-10-29T11:41:56+0300,https://hh.ru/vacancy/121665798
533,Senior Unity developer (Gamedev),THC,Москва,Не указана,2025-10-31T03:36:03+0300,https://hh.ru/vacancy/123866667
534,Педагог IT-направлений в учебный центр,Инжинириум МГТУ им. Н.Э. Баумана (ООО ВелесЛаб),Санкт-Петербург,30000 - 80000 RUR,2025-10-29T19:32:36+0300,https://hh.ru/vacancy/126327649
535,Преподаватель IT дисциплин в Компьютерной Академии (м. Беломорская),Компьютерная академия TOP (Компьютерная Академия ТОП),Москва,60000 - 100000 RUR,2025-10-16T11:37:03+0300,https://hh.ru/vacancy/126604032
536,Преподаватель по программированию (в офис),Skyeng,Новочебоксарск,20000 - 30000 RUR,2025-10-14T11:16:24+0300,https://hh.ru/vacancy/126408358
537,Преподаватель программирования в IT-школу для детей,Hackerson (ИП Новиков Антон Петрович),Москва,67000 - 96000 RUR,2025-10-11T11:22:51+0300,https://hh.ru/vacancy/121616391
538,Tech Lead Unity Developer / TL Юнити разработчиков / Senior Unity Developer,SOFTINTERMOB HK,Астана,3000 - 4000 USD,2025-10-09T12:52:01+0300,https://hh.ru/vacancy/124165538
539,Senior Unity Software Engineer (Gameplay),Playrix,Сербия,Не указана,2025-10-31T14:50:38+0300,https://hh.ru/vacancy/92958989
540,"Motion Designer 2D, 3D (iGaming)",Штергер Евгений Владимирович,Москва,Не указана,2025-10-30T13:26:39+0300,https://hh.ru/vacancy/126183959
541,Преподаватель программирования и робототехники для детей,Школа программирования и робототехники Пиксель,Москва,30000 - 100000 RUR,2025-10-16T10:12:44+0300,https://hh.ru/vacancy/126598499
542,Преподаватель Python (очно),Компьютерная академия TOP (Компьютерная Академия ТОП),Подольск (Московская область),650 - None RUR,2025-10-30T11:30:42+0300,https://hh.ru/vacancy/126058799
543,Senior C++ Software Engineer (Gameplay),Playrix,Астана,Не указана,2025-10-31T13:25:27+0300,https://hh.ru/vacancy/92952280
544,2D UI Artist (Gamedev),Crazy Panda,Москва,Не указана,2025-10-30T13:09:15+0300,https://hh.ru/vacancy/126182555
545,Senior / Principal UI Designer / Artist (Gamedev),Nekki Limited,Сербия,Не указана,2025-10-03T17:32:23+0300,https://hh.ru/vacancy/126125167
546,Преподаватель по Основам компьютерной анимации,Skillbox,Москва,30000 - None RUR,2025-10-24T10:22:19+0300,https://hh.ru/vacancy/125691265
547,Преподаватель программирования в IT-школу KIBERone,KiberOne (ИП Зивтинь Мария Олеговна),Звенигород (Московская область),40000 - 80000 RUR,2025-10-18T09:22:32+0300,https://hh.ru/vacancy/126681236
548,Преподаватель программирования в IT-школу KIBERone,KiberOne (ИП Дудников Максим Владимирович),Москва,50000 - 80000 RUR,2025-10-30T09:05:55+0300,https://hh.ru/vacancy/126546084
549,Technical Game Designer (TypeScript),Nekki Limited,Сербия,Не указана,2025-10-15T16:01:03+0300,https://hh.ru/vacancy/126574446
550,Tech UI Developer (С++),Леста Игры,Санкт-Петербург,Не указана,2025-10-31T15:28:40+0300,https://hh.ru/vacancy/123842282
551,Преподаватель программирования в IT-школу KIBERone,KiberOne (ИП Зивтинь Мария Олеговна),Москва,40000 - 60000 RUR,2025-10-18T09:21:52+0300,https://hh.ru/vacancy/126681235
552,Lead Game Developer/Scripter (Roblox),Дип Фокс,Санкт-Петербург,Не указана,2025-10-29T17:58:43+0300,https://hh.ru/vacancy/126322618
553,Преподаватель IT в Компьютерной Академии,Компьютерная академия TOP (Компьютерная Академия ТОП),Истра (Московская область),50000 - None RUR,2025-10-31T13:46:07+0300,https://hh.ru/vacancy/126405130
554,Lead C++ Software Engineer (Gameplay),Playrix,Армения,Не указана,2025-10-31T15:58:05+0300,https://hh.ru/vacancy/92964605
555,"Преподаватель дисциплины ""Разработка игр с использованием сетевых технологий""",Колледж информационных технологий международного уровня IThub,Москва,Не указана,2025-10-31T16:53:16+0300,https://hh.ru/vacancy/126236777
556,Monetization Game Designer,MY.GAMES,Армения,Не указана,2025-10-13T15:07:56+0300,https://hh.ru/vacancy/126476433
557,Gameplay Developer (Python/С++),Леста Игры,Минск,Не указана,2025-10-31T10:05:41+0300,https://hh.ru/vacancy/125516901
558,"Преподаватель детских IT курсов (Python, HTML, Unity,Unreal,Blender)",Компьютерная академия TOP (Компьютерная Академия ТОП),Волгодонск,35000 - 80000 RUR,2025-10-31T18:00:50+0300,https://hh.ru/vacancy/125543619
559,Преподаватель цифровых технологий в IT школу KIBERone,KiberOne (ИП Зивтинь Мария Олеговна),Нахабино (Московская область),40000 - 100000 RUR,2025-10-25T10:19:15+0300,https://hh.ru/vacancy/126934510
560,Game Developer (Pixi.JS) / Разработчик игр,Прогмакс Девелопмент,Минск,2400 - None EUR,2025-10-20T11:21:38+0300,https://hh.ru/vacancy/126718415
561,Ad Monetization Manager,ZiMAD,Польша,Не указана,2025-10-21T17:54:07+0300,https://hh.ru/vacancy/126794468
562,3D Unity Motion Designer,W-profit Ltd.,Москва,500 - 1500 USD,2025-10-15T14:07:01+0300,https://hh.ru/vacancy/126567068
563,Revenue/Monetization Manager,MY.GAMES,Армения,Не указана,2025-10-28T11:43:51+0300,https://hh.ru/vacancy/127051485
564,2D Motion Designer (GameDev),Селадон девелопмент,Минск,Не указана,2025-10-20T15:08:13+0300,https://hh.ru/vacancy/122326075
565,Преподаватель 2D-направления со знанием 3D,Smirnov School,Москва,Не указана,2025-10-29T09:38:50+0300,https://hh.ru/vacancy/126289325
566,Педагог-IT-наставник в международную школу программирования,Цветкова Оксана Владимировна,Ростов-на-Дону,30000 - 60000 RUR,2025-10-20T14:11:25+0300,https://hh.ru/vacancy/126732369
567,Server Developer (Python/C++),Леста Игры,Минск,Не указана,2025-10-29T13:21:28+0300,https://hh.ru/vacancy/122626680
568,Senior C++ Software Engineer (Gameplay),Playrix,Сербия,Не указана,2025-10-31T13:24:29+0300,https://hh.ru/vacancy/92952217
569,Middle Technical Artist (Unity3D),Студия Кефир,Москва,Не указана,2025-10-30T16:53:51+0300,https://hh.ru/vacancy/125117235
570,Middle+/Senior 2D Spine Animator (Gamedev),CHAMELEON42,Москва,Не указана,2025-10-29T15:15:31+0300,https://hh.ru/vacancy/126313794
571,Преподаватель по программированию (в офис),Skyeng,Чебоксары,20000 - 30000 RUR,2025-10-14T10:42:35+0300,https://hh.ru/vacancy/126408357
572,Lead C++ Software Engineer (Gameplay),Playrix,Астана,Не указана,2025-10-31T15:56:37+0300,https://hh.ru/vacancy/92964515
573,"Преподаватель компьютерных IT курсов (GameDev, Unity)",Skyeng,Новосибирск,Не указана,2025-10-22T17:53:26+0300,https://hh.ru/vacancy/126835895
574,Lead Game Designer,MY.GAMES,Кипр,Не указана,2025-10-21T13:14:08+0300,https://hh.ru/vacancy/126777442
575,Perl Developer​​​​​​​ (GameDev),Crazy Panda,Москва,Не указана,2025-10-30T13:03:19+0300,https://hh.ru/vacancy/122766715
576,Преподаватель программирования и робототехники для детей,Школа программирования и робототехники Пиксель,Балашиха (Московская область),30000 - 100000 RUR,2025-10-16T10:07:46+0300,https://hh.ru/vacancy/126598154
577,Преподаватель Autodesk,Компьютерная академия TOP (Компьютерная Академия ТОП),Ступино (Московская область),None - 30000 RUR,2025-10-29T11:54:48+0300,https://hh.ru/vacancy/126058424
578,Senior C++ Software Engineer (Gameplay),Playrix,Кипр,Не указана,2025-10-31T13:27:24+0300,https://hh.ru/vacancy/92952450
579,Senior Game Designer (World Poker Club),Crazy Panda,Москва,Не указана,2025-10-31T17:22:35+0300,https://hh.ru/vacancy/126625718
580,Senior Unity Software Engineer (Gameplay),Playrix,Армения,Не указана,2025-10-31T14:51:31+0300,https://hh.ru/vacancy/92959069
581,Lead Unity Software Engineer (Gameplay),Playrix,Сербия,Не указана,2025-10-07T18:21:02+0300,https://hh.ru/vacancy/107216636
582,Преподаватель информатики/компьютерных курсов,Омская IT академия,Омск,30000 - 60000 RUR,2025-10-30T10:55:45+0300,https://hh.ru/vacancy/126553698
583,Видеомонтажер,Геймдев Клуб,Санкт-Петербург,45000 - None RUR,2025-10-28T17:44:14+0300,https://hh.ru/vacancy/127078427
584,Junior QA Engineer (gamedev),Matryoshka,Москва,64000 - 110000 RUR,2025-10-20T18:13:10+0300,https://hh.ru/vacancy/126749402
585,Младший юрист / Юрист (IP / IT),Пиксель Шквал,Казань,Не указана,2025-10-27T19:18:34+0300,https://hh.ru/vacancy/127028340
586,Game Developer,Darktheme Studios,Москва,300 - None USD,2025-10-28T15:05:01+0300,https://hh.ru/vacancy/127068282
587,Backend-разработчик на C#,Геймдев Клуб,Санкт-Петербург,80000 - None RUR,2025-10-15T10:41:20+0300,https://hh.ru/vacancy/126552544
588,Junior QA Engineer (gamedev),Matryoshka,Новосибирск,64000 - 110000 RUR,2025-10-20T18:13:10+0300,https://hh.ru/vacancy/126749403
589,2D Artist,Game Forest,Армения,Не указана,2025-10-23T07:14:34+0300,https://hh.ru/vacancy/126842122
590,Контент мейкер | Tik Tok,Геймдев Клуб,Москва,35000 - None RUR,2025-10-28T18:32:52+0300,https://hh.ru/vacancy/127080154
591,"Junior Game Designer (features, balance)",Matryoshka,Санкт-Петербург,65000 - 95000 RUR,2025-10-07T08:43:57+0300,https://hh.ru/vacancy/126220731
592,Программист-разработчик,"Алабуга, ОЭЗ ППТ",Екатеринбург,130500 - None RUR,2025-10-24T09:35:51+0300,https://hh.ru/vacancy/126898462
593,Программист-разработчик,"Алабуга, ОЭЗ ППТ",Тюмень,130500 - None RUR,2025-10-24T09:35:51+0300,https://hh.ru/vacancy/126898483
594,Программист-разработчик,"Алабуга, ОЭЗ ППТ",Казань,130500 - None RUR,2025-10-24T09:35:51+0300,https://hh.ru/vacancy/126898476
595,3D animator / 3D аниматор,SOFTINTERMOB HK,Санкт-Петербург,70000 - 100000 RUR,2025-10-16T16:30:23+0300,https://hh.ru/vacancy/126622830
596,Программист-разработчик,"Алабуга, ОЭЗ ППТ",Уфа,130500 - None RUR,2025-10-24T09:35:51+0300,https://hh.ru/vacancy/126898488
597,Project Manager (Media Buying),RM,Москва,Не указана,2025-10-09T12:38:10+0300,https://hh.ru/vacancy/126356095
598,Программист-разработчик,"Алабуга, ОЭЗ ППТ",Рязань,130500 - None RUR,2025-10-24T09:35:51+0300,https://hh.ru/vacancy/126898468
599,Программист-разработчик,"Алабуга, ОЭЗ ППТ",Калининград,130500 - None RUR,2025-10-24T09:35:51+0300,https://hh.ru/vacancy/126898490
600,Программист-разработчик,"Алабуга, ОЭЗ ППТ",Санкт-Петербург,130500 - None RUR,2025-10-24T09:35:51+0300,https://hh.ru/vacancy/126898460
601,Программист-разработчик,"Алабуга, ОЭЗ ППТ",Оренбург,130500 - None RUR,2025-10-24T09:35:51+0300,https://hh.ru/vacancy/126898464
602,Программист-разработчик,"Алабуга, ОЭЗ ППТ",Пермь,130500 - None RUR,2025-10-24T09:35:51+0300,https://hh.ru/vacancy/126898466
603,Программист-разработчик,"Алабуга, ОЭЗ ППТ",Ставрополь,130500 - None RUR,2025-10-24T09:35:51+0300,https://hh.ru/vacancy/126898473
604,Программист-разработчик,"Алабуга, ОЭЗ ППТ",Краснодар,130500 - None RUR,2025-10-24T09:35:51+0300,https://hh.ru/vacancy/126898495
605,Разработчик C#,ВАЙБ ГЕЙМС,Казань,Не указана,2025-10-20T13:14:39+0300,https://hh.ru/vacancy/126728566
606,Зоопсихолог,"Ренессанс cтрахование, Группа",Санкт-Петербург,Не указана,2025-10-16T15:41:32+0300,https://hh.ru/vacancy/126619509
607,Middle+/Senior Node.js Developer (Gamedev),Новео,Тбилиси,Не указана,2025-10-29T15:24:28+0300,https://hh.ru/vacancy/127112311
608,Программист-разработчик,"Алабуга, ОЭЗ ППТ",Киров (Кировская область),130500 - None RUR,2025-10-24T09:35:51+0300,https://hh.ru/vacancy/126898494
609,Программист-разработчик,"Алабуга, ОЭЗ ППТ",Томск,130500 - None RUR,2025-10-24T09:35:51+0300,https://hh.ru/vacancy/126898480
610,Программист-разработчик,"Алабуга, ОЭЗ ППТ",Тула,130500 - None RUR,2025-10-24T09:35:51+0300,https://hh.ru/vacancy/126898481
611,Программист-разработчик,"Алабуга, ОЭЗ ППТ",Тверь,130500 - None RUR,2025-10-24T09:35:51+0300,https://hh.ru/vacancy/126898478
612,Контент мейкер | Tik Tok,Геймдев Клуб,Санкт-Петербург,35000 - None RUR,2025-10-28T18:32:52+0300,https://hh.ru/vacancy/127080155
613,Junior Game Designer (Mobile game),Pride Games Studio,Великий Новгород,Не указана,2025-10-01T20:58:17+0300,https://hh.ru/vacancy/126032908
614,Программист-разработчик,"Алабуга, ОЭЗ ППТ",Ярославль,130500 - None RUR,2025-10-24T09:35:51+0300,https://hh.ru/vacancy/126898493
615,Программист-разработчик,"Алабуга, ОЭЗ ППТ",Челябинск,130500 - None RUR,2025-10-24T09:35:51+0300,https://hh.ru/vacancy/126898489
616,Специалист по информационной безопасности,"Алабуга, ОЭЗ ППТ",Набережные Челны,170000 - None RUR,2025-10-23T11:04:00+0300,https://hh.ru/vacancy/126863293
617,Специалист по информационной безопасности,"Алабуга, ОЭЗ ППТ",Нижнекамск,170000 - None RUR,2025-10-23T11:04:00+0300,https://hh.ru/vacancy/126863294
618,Специалист по информационной безопасности,"Алабуга, ОЭЗ ППТ",Нижний Новгород,170000 - None RUR,2025-10-23T11:04:00+0300,https://hh.ru/vacancy/126863296
619,Программист-разработчик,"Алабуга, ОЭЗ ППТ",Саратов,130500 - None RUR,2025-10-24T09:35:51+0300,https://hh.ru/vacancy/126898471
620,Программист-разработчик,"Алабуга, ОЭЗ ППТ",Вологда,130500 - None RUR,2025-10-24T09:35:51+0300,https://hh.ru/vacancy/126898477
621,Middle+/Senior Node.js Developer (Gamedev),Новео,Кипр,Не указана,2025-10-29T15:24:28+0300,https://hh.ru/vacancy/127112309
622,Программист-разработчик,"Алабуга, ОЭЗ ППТ",Новосибирск,130500 - None RUR,2025-10-24T09:35:51+0300,https://hh.ru/vacancy/126898463
623,Программист-разработчик,"Алабуга, ОЭЗ ППТ",Воронеж,130500 - None RUR,2025-10-24T09:35:51+0300,https://hh.ru/vacancy/126898479
624,Backend-разработчик на C#,Геймдев Клуб,Минск,80000 - None RUR,2025-10-15T10:41:20+0300,https://hh.ru/vacancy/126552545
625,Программист-разработчик,"Алабуга, ОЭЗ ППТ",Иркутск,130500 - None RUR,2025-10-24T09:35:51+0300,https://hh.ru/vacancy/126898487
626,Программист-разработчик,"Алабуга, ОЭЗ ППТ",Ижевск,130500 - None RUR,2025-10-24T09:35:51+0300,https://hh.ru/vacancy/126898485
627,Live Ops Producer,G5EN KAZ,Тбилиси,Не указана,2025-10-31T17:58:31+0300,https://hh.ru/vacancy/127193439
628,Программист-разработчик,"Алабуга, ОЭЗ ППТ",Чебоксары,130500 - None RUR,2025-10-24T09:35:51+0300,https://hh.ru/vacancy/126898492
629,"Team lead команды frontend разработчиков (направление ""игры"")",Okko,Москва,Не указана,2025-10-21T12:30:54+0300,https://hh.ru/vacancy/126774251
630,Программист-разработчик,"Алабуга, ОЭЗ ППТ",Волгоград,130500 - None RUR,2025-10-24T09:35:51+0300,https://hh.ru/vacancy/126898475
631,Программист-разработчик,"Алабуга, ОЭЗ ППТ",Самара,130500 - None RUR,2025-10-24T09:35:51+0300,https://hh.ru/vacancy/126898469
632,Программист-разработчик,"Алабуга, ОЭЗ ППТ",Набережные Челны,130500 - None RUR,2025-10-24T09:35:51+0300,https://hh.ru/vacancy/126898491
633,Live Ops Producer,G5EN KAZ,Армения,Не указана,2025-10-31T17:58:31+0300,https://hh.ru/vacancy/127193437
634,Программист-разработчик,"Алабуга, ОЭЗ ППТ",Астрахань,130500 - None RUR,2025-10-24T09:35:51+0300,https://hh.ru/vacancy/126898470
635,Программист-разработчик,"Алабуга, ОЭЗ ППТ",Нижний Новгород,130500 - None RUR,2025-10-24T09:35:51+0300,https://hh.ru/vacancy/126898461
636,Программист-разработчик,"Алабуга, ОЭЗ ППТ",Иваново (Ивановская область),130500 - None RUR,2025-10-24T09:35:51+0300,https://hh.ru/vacancy/126898484
637,Junior/Middle 2D Artist (full remote),Matryoshka,Новосибирск,70000 - 100000 RUR,2025-10-20T16:56:38+0300,https://hh.ru/vacancy/126744036
638,Специалист по информационной безопасности,"Алабуга, ОЭЗ ППТ",Уфа,170000 - None RUR,2025-10-23T11:04:00+0300,https://hh.ru/vacancy/126863298
639,Live Ops Producer,G5EN KAZ,Кипр,Не указана,2025-10-31T17:58:31+0300,https://hh.ru/vacancy/127193436
640,Программист-разработчик,"Алабуга, ОЭЗ ППТ",Пенза,130500 - None RUR,2025-10-24T09:35:51+0300,https://hh.ru/vacancy/126898465
641,Специалист по информационной безопасности,"Алабуга, ОЭЗ ППТ",Екатеринбург,170000 - None RUR,2025-10-23T11:04:00+0300,https://hh.ru/vacancy/126863295
642,Программист-разработчик,"Алабуга, ОЭЗ ППТ",Ульяновск,130500 - None RUR,2025-10-24T09:35:51+0300,https://hh.ru/vacancy/126898486
643,Программист-разработчик,"Алабуга, ОЭЗ ППТ",Брянск,130500 - None RUR,2025-10-24T09:35:51+0300,https://hh.ru/vacancy/126898472
644,Head of PM,BLACKHUB GAMES,Санкт-Петербург,Не указана,2025-10-29T15:39:07+0300,https://hh.ru/vacancy/126072915
645,Программист-разработчик,"Алабуга, ОЭЗ ППТ",Липецк,130500 - None RUR,2025-10-24T09:35:51+0300,https://hh.ru/vacancy/126898497
646,Специалист по информационной безопасности,"Алабуга, ОЭЗ ППТ",Санкт-Петербург,170000 - None RUR,2025-10-23T11:04:00+0300,https://hh.ru/vacancy/126863292
647,"Бухгалтер (IT, GameDev)",NaZare Recruitment (Назаретова Виктория Александровна),Сербия,Не указана,2025-10-16T15:31:49+0300,https://hh.ru/vacancy/126619009
648,Специалист по информационной безопасности,"Алабуга, ОЭЗ ППТ",Новосибирск,170000 - None RUR,2025-10-23T11:04:00+0300,https://hh.ru/vacancy/126863297
649,Программист-разработчик,"Алабуга, ОЭЗ ППТ",Красноярск,130500 - None RUR,2025-10-24T09:35:51+0300,https://hh.ru/vacancy/126898496
650,"Junior Game Designer (features, balance)",Matryoshka,Новосибирск,65000 - 95000 RUR,2025-10-07T08:45:05+0300,https://hh.ru/vacancy/126220778
651,Программист-разработчик,"Алабуга, ОЭЗ ППТ",Тольятти,130500 - None RUR,2025-10-24T09:35:51+0300,https://hh.ru/vacancy/126898474
652,Разработчик C++,ВАЙБ ГЕЙМС,Казань,Не указана,2025-10-20T13:10:51+0300,https://hh.ru/vacancy/126728293
653,Сорсер,Pixel Talent,Армения,Не указана,2025-10-31T11:47:32+0300,https://hh.ru/vacancy/125216831
654,Junior Game Designer,Playrix,Черногория,Не указана,2025-10-13T18:58:24+0300,https://hh.ru/vacancy/126487891
655,Программист-разработчик,"Алабуга, ОЭЗ ППТ",Ростов-на-Дону,130500 - None RUR,2025-10-24T09:35:51+0300,https://hh.ru/vacancy/126898467
656,Middle Game Designer,Matryoshka,Новосибирск,130000 - 170000 RUR,2025-10-23T11:05:39+0300,https://hh.ru/vacancy/126863585
657,Middle+ / Senior Game Designer,Game Forest,Сербия,Не указана,2025-10-10T11:18:53+0300,https://hh.ru/vacancy/124530377
658,Backend Developer (Fastify / Express.js + PostgreSQL) / Разработчик,Playneta,Москва,Не указана,2025-10-24T16:21:51+0300,https://hh.ru/vacancy/126921728
659,Senior Product Designer (Mobile & Game Interfaces) / Дизайнер мобильных и игровых интерфейсов,Playneta,Санкт-Петербург,300000 - 600000 RUR,2025-10-30T09:52:43+0300,https://hh.ru/vacancy/127132446
660,Senior Product Designer (Mobile & Game Interfaces) / Дизайнер мобильных и игровых интерфейсов,Playneta,Испания,300000 - 600000 RUR,2025-10-06T17:54:06+0300,https://hh.ru/vacancy/126208093
661,UI Artist,Хайкор Геймз,Москва,Не указана,2025-10-29T12:44:40+0300,https://hh.ru/vacancy/126871901
662,User Acquisition менеджер | Google Ads,Геймдев Клуб,Санкт-Петербург,60000 - None RUR,2025-10-28T19:13:48+0300,https://hh.ru/vacancy/127080846
663,Motion Designer,G5EN KAZ,Астана,Не указана,2025-10-21T18:03:31+0300,https://hh.ru/vacancy/126794717
664,Junior Game Designer,Playrix,Астана,Не указана,2025-10-13T18:58:24+0300,https://hh.ru/vacancy/126487896
665,Наставник по IT-направлениям в Онлайн-Школу,Rebotica,Краснодар,None - 80000 RUR,2025-10-30T12:13:39+0300,https://hh.ru/vacancy/126981156
666,Менеджер по продажам в онлайн-школу цифрового рисунка,Smirnov School,Санкт-Петербург,70000 - 130000 RUR,2025-10-29T14:06:42+0300,https://hh.ru/vacancy/126066989
667,Game Designer (Playables),Playrix,Тбилиси,Не указана,2025-10-28T15:47:10+0300,https://hh.ru/vacancy/127072253
668,Junior Game Designer,Playrix,Тбилиси,Не указана,2025-10-13T18:58:24+0300,https://hh.ru/vacancy/126487895
669,Game Designer,Playrix,Алматы,Не указана,2025-10-13T18:59:39+0300,https://hh.ru/vacancy/126487914
670,Наставник по IT-направлениям в Онлайн-Школу,Rebotica,Казань,None - 80000 RUR,2025-10-30T12:13:39+0300,https://hh.ru/vacancy/126981158
671,Middle Software Engineer (Gameplay),Playrix,Астана,Не указана,2025-10-27T22:33:11+0300,https://hh.ru/vacancy/123397043
672,Junior Game Designer,Playrix,Батуми,Не указана,2025-10-13T18:58:24+0300,https://hh.ru/vacancy/126487890
673,Наставник по IT-направлениям в Онлайн-Школу,Rebotica,Екатеринбург,None - 80000 RUR,2025-10-30T12:13:39+0300,https://hh.ru/vacancy/126981155
674,Junior Game Designer,Playrix,Словакия,Не указана,2025-10-13T18:58:24+0300,https://hh.ru/vacancy/126487894
675,Наставник по IT-направлениям в Онлайн-Школу,Rebotica,Санкт-Петербург,None - 80000 RUR,2025-10-30T12:13:39+0300,https://hh.ru/vacancy/126981154
676,Специалист по информационной безопасности,"Алабуга, ОЭЗ ППТ",Москва,170000 - None RUR,2025-10-23T11:04:00+0300,https://hh.ru/vacancy/126863291
677,Marketing Graphic Designer (gamedev) / Графический дизайнер,Playneta,Минск,Не указана,2025-10-08T14:59:42+0300,https://hh.ru/vacancy/126312666
678,Backend Developer (Fastify / Express.js + PostgreSQL) / Разработчик,Playneta,Санкт-Петербург,Не указана,2025-10-24T16:21:51+0300,https://hh.ru/vacancy/126921730
679,Game Feature Owner,G5EN KAZ,Батуми,Не указана,2025-10-13T15:08:39+0300,https://hh.ru/vacancy/126476492
680,Motion Designer,G5EN KAZ,Тбилиси,Не указана,2025-10-21T18:03:31+0300,https://hh.ru/vacancy/126794720
681,Game Designer,Playrix,Черногория,Не указана,2025-10-13T18:59:39+0300,https://hh.ru/vacancy/126487915
682,Менеджер по продажам в онлайн-школу цифрового рисунка,Smirnov School,Екатеринбург,70000 - 130000 RUR,2025-10-31T14:26:45+0300,https://hh.ru/vacancy/126135843
683,Game Designer (Playables),Playrix,Астана,Не указана,2025-10-28T15:47:10+0300,https://hh.ru/vacancy/127072254
684,Junior Game Designer,Playrix,Словения,Не указана,2025-10-13T18:58:24+0300,https://hh.ru/vacancy/126487893
685,Game Feature Owner,G5EN KAZ,Сербия,Не указана,2025-10-13T15:11:25+0300,https://hh.ru/vacancy/126476740
686,Marketing Graphic Designer (gamedev) / Графический дизайнер,Playneta,Москва,Не указана,2025-10-08T14:59:42+0300,https://hh.ru/vacancy/126312667
687,Game Feature Owner (with relocate),G5EN KAZ,Черногория,Не указана,2025-10-13T15:10:44+0300,https://hh.ru/vacancy/126476698
688,Marketing Graphic Designer (gamedev) / Графический дизайнер,Playneta,Санкт-Петербург,Не указана,2025-10-17T14:04:39+0300,https://hh.ru/vacancy/126655883
689,Lead Gameplay Programmer (Unreal Engine),Saber Interactive,Москва,Не указана,2025-10-17T16:47:44+0300,https://hh.ru/vacancy/126390875
690,Motion Designer,G5EN KAZ,Армения,Не указана,2025-10-21T18:03:31+0300,https://hh.ru/vacancy/126794719
691,Менеджер по продажам в онлайн-школу цифрового рисунка,Smirnov School,Казань,70000 - 130000 RUR,2025-10-31T14:26:45+0300,https://hh.ru/vacancy/126135844
692,Game Feature Owner,G5EN KAZ,Армения,Не указана,2025-10-13T15:10:07+0300,https://hh.ru/vacancy/126476643
693,Middle Software Engineer (Gameplay),Playrix,Армения,Не указана,2025-10-27T22:35:53+0300,https://hh.ru/vacancy/123397050
694,Game Designer (Playables),Playrix,Армения,Не указана,2025-10-28T15:47:10+0300,https://hh.ru/vacancy/127072252
695,Web UI/UX Designer,G5EN KAZ,Черногория,Не указана,2025-10-13T15:03:39+0300,https://hh.ru/vacancy/126476213
696,Преподаватель программирования и робототехники для детей,Школа программирования и робототехники Пиксель,Видное (Московская область),30000 - 100000 RUR,2025-10-16T10:09:17+0300,https://hh.ru/vacancy/126598254
697,Game Feature Owner,G5EN KAZ,Алматы,Не указана,2025-10-13T15:09:31+0300,https://hh.ru/vacancy/126476563
698,Game Designer,Playrix,Армения,Не указана,2025-10-13T18:59:39+0300,https://hh.ru/vacancy/126487913
699,Web UI/UX Designer,G5EN KAZ,Батуми,Не указана,2025-10-13T14:59:17+0300,https://hh.ru/vacancy/126475898
700,Senior Unity Software Engineer (Gameplay),Playrix,Кипр,Не указана,2025-10-31T14:51:14+0300,https://hh.ru/vacancy/92959025
701,Game Feature Owner,G5EN KAZ,Астана,Не указана,2025-10-13T15:09:10+0300,https://hh.ru/vacancy/126476544
702,Web UI/UX Designer,G5EN KAZ,Астана,Не указана,2025-10-13T15:01:55+0300,https://hh.ru/vacancy/126476078
703,Lead C++ Software Engineer (Gameplay),Playrix,Сербия,Не указана,2025-10-31T15:56:16+0300,https://hh.ru/vacancy/92964494
704,Web UI/UX Designer,G5EN KAZ,Алматы,Не указана,2025-10-13T15:01:19+0300,https://hh.ru/vacancy/126476037
705,Web UI/UX Designer,G5EN KAZ,Сербия,Не указана,2025-10-13T15:02:43+0300,https://hh.ru/vacancy/126476143
706,Lead Unity Software Engineer (Gameplay),Playrix,Армения,Не указана,2025-10-07T18:19:39+0300,https://hh.ru/vacancy/107216560
707,Lead Unity Software Engineer (Gameplay),Playrix,Астана,Не указана,2025-10-07T18:21:33+0300,https://hh.ru/vacancy/107216642
708,Web UI/UX Designer,G5EN KAZ,Армения,Не указана,2025-10-13T15:00:18+0300,https://hh.ru/vacancy/126475980
709,Senior C++ Software Engineer (Gameplay),Playrix,Армения,Не указана,2025-10-31T13:28:34+0300,https://hh.ru/vacancy/92952539
710,Lead Unity Software Engineer (Gameplay),Playrix,Кипр,Не указана,2025-10-07T18:20:28+0300,https://hh.ru/vacancy/107216606
711,Senior Unity Software Engineer (Gameplay),Playrix,Астана,Не указана,2025-10-31T14:50:08+0300,https://hh.ru/vacancy/92958955
712,Lead C++ Software Engineer (Gameplay),Playrix,Кипр,Не указана,2025-10-31T15:57:31+0300,https://hh.ru/vacancy/92964575
713,"Преподаватель компьютерных IT курсов (GameDev, Unity)",Skyeng,Нижний Новгород,Не указана,2025-10-22T17:53:26+0300,https://hh.ru/vacancy/126835896
